# Blender v3.0.0 OBJ File: 'Rocket.blend'
# www.blender.org
mtllib Rocket_obj.mtl
o Rocket._Rocket
v 0.128555 0.062630 -0.199724
v 0.128555 0.545485 0.283130
v 0.131850 0.062483 -0.199578
v 0.131850 0.545338 0.283277
v 0.135093 0.062046 -0.199140
v 0.135093 0.544901 0.283715
v 0.138233 0.061324 -0.198419
v 0.138233 0.544179 0.284436
v 0.141220 0.060331 -0.197425
v 0.141220 0.543185 0.285430
v 0.144007 0.059080 -0.196174
v 0.144007 0.541934 0.286681
v 0.146551 0.057592 -0.194686
v 0.146551 0.540446 0.288169
v 0.148811 0.055890 -0.192984
v 0.148811 0.538745 0.289870
v 0.150751 0.054001 -0.191096
v 0.150751 0.536856 0.291759
v 0.152342 0.051956 -0.189050
v 0.152342 0.534811 0.293804
v 0.153557 0.049785 -0.186880
v 0.153557 0.532640 0.295975
v 0.154378 0.047524 -0.184619
v 0.154378 0.530379 0.298236
v 0.154792 0.045208 -0.182303
v 0.154792 0.528063 0.300552
v 0.154792 0.042874 -0.179968
v 0.154792 0.525729 0.302886
v 0.154378 0.040558 -0.177653
v 0.154378 0.523413 0.305202
v 0.153557 0.038297 -0.175391
v 0.153557 0.521152 0.307463
v 0.152342 0.036127 -0.173221
v 0.152342 0.518981 0.309634
v 0.150751 0.034081 -0.171175
v 0.150751 0.516936 0.311679
v 0.148811 0.032192 -0.169287
v 0.148811 0.515047 0.313568
v 0.146551 0.030491 -0.167585
v 0.146551 0.513345 0.315270
v 0.144007 0.029003 -0.166097
v 0.144007 0.511858 0.316758
v 0.141220 0.027752 -0.164846
v 0.141220 0.510607 0.318008
v 0.138233 0.026758 -0.163852
v 0.138233 0.509613 0.319002
v 0.135093 0.026037 -0.163131
v 0.135093 0.508891 0.319724
v 0.131850 0.025599 -0.162694
v 0.131850 0.508454 0.320161
v 0.128555 0.025453 -0.162547
v 0.128555 0.508307 0.320308
v 0.125261 0.025599 -0.162694
v 0.125261 0.508454 0.320161
v 0.122018 0.026037 -0.163131
v 0.122018 0.508891 0.319724
v 0.118878 0.026758 -0.163852
v 0.118878 0.509613 0.319002
v 0.115891 0.027752 -0.164846
v 0.115891 0.510607 0.318008
v 0.113103 0.029003 -0.166097
v 0.113103 0.511858 0.316758
v 0.110560 0.030491 -0.167585
v 0.110560 0.513345 0.315270
v 0.108300 0.032192 -0.169287
v 0.108300 0.515047 0.313568
v 0.106360 0.034081 -0.171175
v 0.106360 0.516936 0.311679
v 0.104769 0.036127 -0.173221
v 0.104769 0.518981 0.309634
v 0.103554 0.038297 -0.175391
v 0.103554 0.521152 0.307463
v 0.102733 0.040558 -0.177653
v 0.102733 0.523413 0.305202
v 0.102319 0.042874 -0.179968
v 0.102319 0.525729 0.302886
v 0.102319 0.045208 -0.182303
v 0.102319 0.528063 0.300552
v 0.102733 0.047524 -0.184619
v 0.102733 0.530379 0.298236
v 0.103554 0.049785 -0.186880
v 0.103554 0.532640 0.295975
v 0.104769 0.051956 -0.189050
v 0.104769 0.534811 0.293804
v 0.106360 0.054001 -0.191096
v 0.106360 0.536856 0.291759
v 0.108300 0.055890 -0.192984
v 0.108300 0.538745 0.289870
v 0.110560 0.057592 -0.194686
v 0.110560 0.540446 0.288169
v 0.113103 0.059080 -0.196174
v 0.113103 0.541934 0.286681
v 0.115891 0.060331 -0.197425
v 0.115891 0.543185 0.285430
v 0.118878 0.061324 -0.198419
v 0.118878 0.544179 0.284436
v 0.122018 0.062046 -0.199140
v 0.122018 0.544901 0.283715
v 0.125261 0.062483 -0.199578
v 0.125261 0.545338 0.283277
v 0.128726 0.668662 0.441577
v 0.129667 0.650687 0.413075
v 0.128797 0.668856 0.440986
v 0.128873 0.668690 0.439966
v 0.128954 0.668167 0.438535
v 0.129039 0.667296 0.436716
v 0.129125 0.666093 0.434542
v 0.129213 0.664576 0.432049
v 0.129299 0.662774 0.429281
v 0.129383 0.660717 0.426284
v 0.129463 0.658438 0.423110
v 0.129538 0.655979 0.419812
v 0.129606 0.653380 0.416448
v 0.128556 0.650736 0.413026
v 0.128556 0.668670 0.441569
v 0.128556 0.653427 0.416401
v 0.128556 0.656023 0.419768
v 0.128556 0.658479 0.423069
v 0.128556 0.660753 0.426247
v 0.128556 0.662807 0.429248
v 0.128556 0.664606 0.432020
v 0.128556 0.666118 0.434517
v 0.128556 0.667318 0.436695
v 0.128556 0.668185 0.438517
v 0.128556 0.668704 0.439952
v 0.128556 0.668867 0.440975
v 0.128894 0.668640 0.441599
v 0.130760 0.650539 0.413222
v 0.129033 0.668824 0.441018
v 0.129185 0.668648 0.440008
v 0.129346 0.668114 0.438587
v 0.129514 0.667232 0.436780
v 0.129686 0.666017 0.434618
v 0.129859 0.664489 0.432137
v 0.130030 0.662676 0.429380
v 0.130197 0.660607 0.426394
v 0.130355 0.658318 0.423230
v 0.130504 0.655849 0.419942
v 0.130640 0.653241 0.416587
v 0.129057 0.668602 0.441637
v 0.131818 0.650296 0.413465
v 0.129263 0.668771 0.441070
v 0.129487 0.668578 0.440077
v 0.129725 0.668027 0.438674
v 0.129974 0.667126 0.436886
v 0.130228 0.665892 0.434742
v 0.130484 0.664346 0.432280
v 0.130738 0.662513 0.429542
v 0.130984 0.660426 0.426575
v 0.131220 0.658119 0.423428
v 0.131439 0.655634 0.420157
v 0.131640 0.653011 0.416817
v 0.129211 0.668551 0.441688
v 0.132826 0.649961 0.413801
v 0.129481 0.668699 0.441143
v 0.129774 0.668483 0.440173
v 0.130086 0.667907 0.438794
v 0.130411 0.666981 0.437032
v 0.130744 0.665721 0.434914
v 0.131080 0.664147 0.432478
v 0.131412 0.662289 0.429766
v 0.131734 0.660176 0.426824
v 0.132042 0.657846 0.423702
v 0.132330 0.655337 0.420453
v 0.132592 0.652694 0.417134
v 0.129356 0.668486 0.441753
v 0.133765 0.649539 0.414222
v 0.129684 0.668607 0.441234
v 0.130042 0.668362 0.440293
v 0.130422 0.667756 0.438946
v 0.130819 0.666797 0.437215
v 0.131226 0.665504 0.435130
v 0.131635 0.663898 0.432728
v 0.132040 0.662007 0.430048
v 0.132433 0.659862 0.427138
v 0.132809 0.657502 0.424046
v 0.133160 0.654965 0.420826
v 0.133481 0.652296 0.417533
v 0.129487 0.668409 0.441830
v 0.134623 0.649037 0.414724
v 0.129870 0.668498 0.441343
v 0.130287 0.668219 0.440436
v 0.130730 0.667576 0.439125
v 0.131192 0.666579 0.437433
v 0.131666 0.665247 0.435387
v 0.132142 0.663602 0.433024
v 0.132613 0.661671 0.430384
v 0.133072 0.659489 0.427511
v 0.133509 0.657092 0.424456
v 0.133918 0.654521 0.421269
v 0.134291 0.651821 0.418007
v 0.129604 0.668321 0.441918
v 0.135385 0.648464 0.415297
v 0.130035 0.668374 0.441467
v 0.130504 0.668055 0.440600
v 0.131003 0.667370 0.439331
v 0.131523 0.666330 0.437682
v 0.132056 0.664953 0.435682
v 0.132592 0.663262 0.433363
v 0.133123 0.661287 0.430767
v 0.133639 0.659062 0.427938
v 0.134131 0.656624 0.424924
v 0.134591 0.654014 0.421776
v 0.135012 0.651278 0.418549
v 0.129705 0.668223 0.442016
v 0.136039 0.647827 0.415934
v 0.130177 0.668236 0.441605
v 0.130690 0.667874 0.440781
v 0.131237 0.667142 0.439559
v 0.131807 0.666054 0.437959
v 0.132391 0.664627 0.436008
v 0.132979 0.662886 0.433740
v 0.133561 0.660862 0.431193
v 0.134126 0.658588 0.428412
v 0.134665 0.656104 0.425444
v 0.135169 0.653452 0.422339
v 0.135630 0.650677 0.419151
v 0.129787 0.668118 0.442121
v 0.136575 0.647137 0.416624
v 0.130293 0.668087 0.441754
v 0.130843 0.667677 0.440978
v 0.131429 0.666895 0.439806
v 0.132040 0.665754 0.438258
v 0.132666 0.664274 0.436361
v 0.133296 0.662479 0.434147
v 0.133919 0.660401 0.431654
v 0.134525 0.658075 0.428925
v 0.135103 0.655541 0.426007
v 0.135643 0.652842 0.422949
v 0.136137 0.650025 0.419803
v 0.129850 0.668005 0.442234
v 0.136985 0.646405 0.417355
v 0.130382 0.667928 0.441913
v 0.130961 0.667468 0.441187
v 0.131576 0.666632 0.440068
v 0.132218 0.665436 0.438576
v 0.132876 0.663898 0.436736
v 0.133538 0.662046 0.434580
v 0.134193 0.659911 0.432144
v 0.134830 0.657530 0.429470
v 0.135437 0.654943 0.426604
v 0.136006 0.652195 0.423595
v 0.136524 0.649333 0.420495
v 0.129892 0.667888 0.442351
v 0.137262 0.645643 0.418118
v 0.130441 0.667764 0.442078
v 0.131039 0.667251 0.441404
v 0.131675 0.666360 0.440341
v 0.132339 0.665105 0.438907
v 0.133018 0.663508 0.437127
v 0.133702 0.661596 0.435030
v 0.134378 0.659401 0.432654
v 0.135036 0.656963 0.430037
v 0.135664 0.654321 0.427226
v 0.136250 0.651521 0.424269
v 0.136786 0.648612 0.421215
v 0.129914 0.667768 0.442471
v 0.137401 0.644862 0.418899
v 0.130472 0.667594 0.442247
v 0.131079 0.667028 0.441627
v 0.131725 0.666080 0.440621
v 0.132399 0.664765 0.439247
v 0.133089 0.663107 0.437527
v 0.133784 0.661134 0.435492
v 0.134472 0.658879 0.433176
v 0.135140 0.656381 0.430619
v 0.135777 0.653683 0.427864
v 0.136373 0.650831 0.424959
v 0.136918 0.647874 0.421953
v 0.129914 0.667648 0.442591
v 0.137401 0.644075 0.419686
v 0.130472 0.667424 0.442418
v 0.131079 0.666804 0.441851
v 0.131725 0.665798 0.440903
v 0.132399 0.664424 0.439589
v 0.133089 0.662704 0.437930
v 0.133784 0.660669 0.435957
v 0.134472 0.658353 0.433702
v 0.135140 0.655796 0.431204
v 0.135777 0.653041 0.428506
v 0.136373 0.650136 0.425655
v 0.136918 0.647130 0.422697
v 0.129892 0.667527 0.442712
v 0.137262 0.643294 0.420466
v 0.130441 0.667254 0.442587
v 0.131039 0.666581 0.442074
v 0.131675 0.665518 0.441183
v 0.132339 0.664084 0.439928
v 0.133018 0.662304 0.438331
v 0.133702 0.660207 0.436419
v 0.134378 0.657830 0.434224
v 0.135036 0.655214 0.431786
v 0.135664 0.652403 0.429144
v 0.136250 0.649446 0.426344
v 0.136786 0.646392 0.423435
v 0.129850 0.667411 0.442828
v 0.136985 0.642532 0.421229
v 0.130382 0.667090 0.442751
v 0.130961 0.666364 0.442291
v 0.131576 0.665245 0.441456
v 0.132218 0.663753 0.440259
v 0.132876 0.661913 0.438721
v 0.133538 0.659757 0.436869
v 0.134193 0.657321 0.434734
v 0.134830 0.654647 0.432353
v 0.135437 0.651781 0.429766
v 0.136006 0.648772 0.427018
v 0.136524 0.645671 0.424156
v 0.129787 0.667298 0.442941
v 0.136575 0.641801 0.421960
v 0.130293 0.666931 0.442910
v 0.130843 0.666155 0.442500
v 0.131429 0.664983 0.441718
v 0.132040 0.663435 0.440577
v 0.132666 0.661538 0.439097
v 0.133296 0.659324 0.437302
v 0.133919 0.656831 0.435224
v 0.134525 0.654102 0.432898
v 0.135103 0.651184 0.430364
v 0.135643 0.648125 0.427665
v 0.136137 0.644980 0.424848
v 0.129705 0.667193 0.443046
v 0.136039 0.641111 0.422650
v 0.130177 0.666782 0.443060
v 0.130690 0.665958 0.442697
v 0.131237 0.664736 0.441965
v 0.131807 0.663136 0.440877
v 0.132391 0.661185 0.439450
v 0.132979 0.658917 0.437709
v 0.133561 0.656370 0.435685
v 0.134126 0.653589 0.433411
v 0.134665 0.650621 0.430927
v 0.135169 0.647516 0.428275
v 0.135630 0.644328 0.425500
v 0.129604 0.667095 0.443144
v 0.135385 0.640474 0.423287
v 0.130035 0.666644 0.443197
v 0.130504 0.665777 0.442879
v 0.131003 0.664508 0.442193
v 0.131523 0.662859 0.441153
v 0.132056 0.660858 0.439776
v 0.132592 0.658540 0.438086
v 0.133123 0.655944 0.436111
v 0.133639 0.653115 0.433885
v 0.134131 0.650101 0.431447
v 0.134591 0.646953 0.428837
v 0.135012 0.643726 0.426102
v 0.129487 0.667007 0.443232
v 0.134623 0.639901 0.423861
v 0.129870 0.666520 0.443321
v 0.130287 0.665613 0.443042
v 0.130730 0.664302 0.442399
v 0.131192 0.662610 0.441403
v 0.131666 0.660564 0.440070
v 0.132142 0.658201 0.438425
v 0.132613 0.655561 0.436494
v 0.133072 0.652688 0.434312
v 0.133509 0.649633 0.431915
v 0.133918 0.646446 0.429344
v 0.134291 0.643183 0.426644
v 0.129355 0.666930 0.443309
v 0.133765 0.639399 0.424362
v 0.129684 0.666411 0.443431
v 0.130042 0.665470 0.443186
v 0.130422 0.664122 0.442579
v 0.130819 0.662392 0.441621
v 0.131226 0.660307 0.440328
v 0.131635 0.657905 0.438722
v 0.132040 0.655225 0.436830
v 0.132433 0.652315 0.434686
v 0.132809 0.649223 0.432325
v 0.133160 0.646003 0.429788
v 0.133481 0.642710 0.427119
v 0.129211 0.666865 0.443374
v 0.132826 0.638977 0.424784
v 0.129481 0.666320 0.443522
v 0.129774 0.665350 0.443306
v 0.130086 0.663971 0.442730
v 0.130411 0.662208 0.441804
v 0.130744 0.660091 0.440544
v 0.131080 0.657655 0.438971
v 0.131412 0.654943 0.437112
v 0.131734 0.652001 0.434999
v 0.132042 0.648879 0.432669
v 0.132330 0.645630 0.430161
v 0.132592 0.642311 0.427517
v 0.129057 0.666814 0.443425
v 0.131818 0.638642 0.425119
v 0.129263 0.666247 0.443594
v 0.129487 0.665254 0.443401
v 0.129725 0.663851 0.442850
v 0.129974 0.662063 0.441949
v 0.130228 0.659919 0.440715
v 0.130484 0.657457 0.439169
v 0.130738 0.654719 0.437336
v 0.130984 0.651752 0.435249
v 0.131220 0.648605 0.432942
v 0.131439 0.645334 0.430457
v 0.131640 0.641994 0.427834
v 0.128894 0.666776 0.443463
v 0.130760 0.638399 0.425362
v 0.129033 0.666195 0.443647
v 0.129185 0.665185 0.443471
v 0.129346 0.663764 0.442937
v 0.129514 0.661957 0.442055
v 0.129686 0.659795 0.440840
v 0.129859 0.657313 0.439312
v 0.130030 0.654557 0.437499
v 0.130197 0.651570 0.435430
v 0.130355 0.648407 0.433141
v 0.130504 0.645119 0.430672
v 0.130640 0.641764 0.428064
v 0.128726 0.666754 0.443485
v 0.129667 0.638252 0.425510
v 0.128797 0.666162 0.443679
v 0.128873 0.665143 0.443513
v 0.128954 0.663711 0.442990
v 0.129039 0.661893 0.442119
v 0.129125 0.659719 0.440916
v 0.129213 0.657226 0.439400
v 0.129299 0.654458 0.437597
v 0.129383 0.651461 0.435540
v 0.129463 0.648286 0.433261
v 0.129538 0.644989 0.430802
v 0.129606 0.641625 0.428203
v 0.128556 0.666746 0.443493
v 0.128556 0.638202 0.425559
v 0.128556 0.666152 0.443690
v 0.128556 0.665128 0.443527
v 0.128556 0.663694 0.443008
v 0.128556 0.661872 0.442141
v 0.128556 0.659694 0.440941
v 0.128556 0.657197 0.439429
v 0.128556 0.654425 0.437630
v 0.128556 0.651424 0.435576
v 0.128556 0.648246 0.433302
v 0.128556 0.644945 0.430846
v 0.128556 0.641578 0.428250
v 0.128386 0.666754 0.443485
v 0.127445 0.638252 0.425510
v 0.128316 0.666163 0.443679
v 0.128239 0.665143 0.443513
v 0.128158 0.663711 0.442990
v 0.128073 0.661893 0.442119
v 0.127987 0.659719 0.440916
v 0.127900 0.657227 0.439400
v 0.127813 0.654458 0.437597
v 0.127729 0.651461 0.435540
v 0.127649 0.648286 0.433262
v 0.127574 0.644989 0.430802
v 0.127506 0.641625 0.428203
v 0.128218 0.666776 0.443463
v 0.126352 0.638399 0.425362
v 0.128079 0.666195 0.443647
v 0.127927 0.665185 0.443471
v 0.127766 0.663764 0.442937
v 0.127598 0.661957 0.442055
v 0.127426 0.659795 0.440840
v 0.127253 0.657314 0.439313
v 0.127082 0.654557 0.437499
v 0.126915 0.651570 0.435430
v 0.126757 0.648407 0.433141
v 0.126608 0.645119 0.430672
v 0.126472 0.641764 0.428064
v 0.128055 0.666814 0.443425
v 0.125293 0.638643 0.425119
v 0.127849 0.666247 0.443594
v 0.127625 0.665254 0.443401
v 0.127387 0.663851 0.442850
v 0.127138 0.662063 0.441949
v 0.126884 0.659919 0.440715
v 0.126628 0.657457 0.439169
v 0.126374 0.654719 0.437336
v 0.126128 0.651752 0.435249
v 0.125892 0.648605 0.432943
v 0.125673 0.645334 0.430457
v 0.125472 0.641994 0.427834
v 0.127901 0.666865 0.443374
v 0.124286 0.638978 0.424784
v 0.127631 0.666320 0.443522
v 0.127338 0.665350 0.443306
v 0.127026 0.663971 0.442730
v 0.126701 0.662208 0.441804
v 0.126368 0.660091 0.440544
v 0.126032 0.657655 0.438971
v 0.125700 0.654943 0.437112
v 0.125378 0.652001 0.434999
v 0.125070 0.648879 0.432669
v 0.124782 0.645630 0.430161
v 0.124519 0.642311 0.427518
v 0.127756 0.666930 0.443309
v 0.123347 0.639400 0.424363
v 0.127428 0.666411 0.443430
v 0.127070 0.665470 0.443185
v 0.126689 0.664123 0.442579
v 0.126292 0.662392 0.441620
v 0.125886 0.660307 0.440327
v 0.125477 0.657905 0.438721
v 0.125072 0.655225 0.436830
v 0.124678 0.652315 0.434686
v 0.124303 0.649223 0.432325
v 0.123952 0.646003 0.429788
v 0.123631 0.642710 0.427119
v 0.127625 0.667007 0.443232
v 0.122489 0.639901 0.423861
v 0.127242 0.666520 0.443322
v 0.126826 0.665613 0.443042
v 0.126382 0.664302 0.442399
v 0.125920 0.662610 0.441403
v 0.125447 0.660564 0.440070
v 0.124970 0.658201 0.438425
v 0.124498 0.655561 0.436495
v 0.124040 0.652688 0.434312
v 0.123603 0.649633 0.431915
v 0.123194 0.646447 0.429345
v 0.122821 0.643184 0.426645
v 0.127508 0.667095 0.443144
v 0.121727 0.640475 0.423287
v 0.127077 0.666644 0.443198
v 0.126608 0.665777 0.442879
v 0.126109 0.664508 0.442194
v 0.125589 0.662859 0.441153
v 0.125056 0.660858 0.439776
v 0.124519 0.658540 0.438086
v 0.123989 0.655945 0.436111
v 0.123473 0.653115 0.433885
v 0.122981 0.650101 0.431447
v 0.122521 0.646954 0.428838
v 0.122100 0.643726 0.426102
v 0.127407 0.667193 0.443046
v 0.121073 0.641112 0.422651
v 0.126935 0.666782 0.443059
v 0.126421 0.665958 0.442697
v 0.125875 0.664736 0.441965
v 0.125305 0.663136 0.440877
v 0.124721 0.661185 0.439450
v 0.124133 0.658917 0.437709
v 0.123552 0.656371 0.435685
v 0.122986 0.653589 0.433411
v 0.122447 0.650621 0.430927
v 0.121943 0.647516 0.428275
v 0.121482 0.644329 0.425501
v 0.127325 0.667298 0.442941
v 0.120537 0.641801 0.421961
v 0.126819 0.666931 0.442910
v 0.126269 0.666155 0.442500
v 0.125683 0.664983 0.441718
v 0.125072 0.663435 0.440577
v 0.124446 0.661538 0.439097
v 0.123816 0.659325 0.437302
v 0.123193 0.656832 0.435224
v 0.122587 0.654103 0.432898
v 0.122009 0.651184 0.430364
v 0.121469 0.648126 0.427666
v 0.120975 0.644981 0.424849
v 0.127262 0.667411 0.442828
v 0.120127 0.642533 0.421229
v 0.126731 0.667090 0.442752
v 0.126152 0.666364 0.442292
v 0.125536 0.665245 0.441456
v 0.124894 0.663753 0.440259
v 0.124236 0.661913 0.438721
v 0.123574 0.659757 0.436869
v 0.122919 0.657321 0.434735
v 0.122282 0.654647 0.432353
v 0.121675 0.651782 0.429767
v 0.121107 0.648773 0.427019
v 0.120588 0.645672 0.424157
v 0.127220 0.667528 0.442711
v 0.119850 0.643296 0.420467
v 0.126670 0.667255 0.442587
v 0.126073 0.666581 0.442074
v 0.125437 0.665518 0.441183
v 0.124773 0.664084 0.439928
v 0.124094 0.662304 0.438331
v 0.123410 0.660208 0.436419
v 0.122734 0.657831 0.434225
v 0.122076 0.655215 0.431786
v 0.121448 0.652404 0.429145
v 0.120862 0.649447 0.426345
v 0.120326 0.646393 0.423436
v 0.127198 0.667648 0.442591
v 0.119711 0.644076 0.419686
v 0.126640 0.667424 0.442418
v 0.126033 0.666804 0.441851
v 0.125387 0.665798 0.440903
v 0.124713 0.664424 0.439589
v 0.124023 0.662704 0.437931
v 0.123328 0.660669 0.435957
v 0.122640 0.658353 0.433703
v 0.121972 0.655796 0.431205
v 0.121335 0.653041 0.428507
v 0.120739 0.650136 0.425655
v 0.120194 0.647131 0.422698
v 0.127198 0.667768 0.442471
v 0.119711 0.644863 0.418899
v 0.126640 0.667594 0.442247
v 0.126033 0.667028 0.441627
v 0.125387 0.666080 0.440621
v 0.124713 0.664765 0.439247
v 0.124023 0.663108 0.437527
v 0.123328 0.661134 0.435492
v 0.122640 0.658879 0.433176
v 0.121972 0.656382 0.430619
v 0.121335 0.653684 0.427864
v 0.120739 0.650832 0.424960
v 0.120194 0.647875 0.421954
v 0.127220 0.667888 0.442351
v 0.119850 0.645644 0.418119
v 0.126670 0.667763 0.442078
v 0.126073 0.667251 0.441404
v 0.125437 0.666360 0.440342
v 0.124773 0.665105 0.438908
v 0.124094 0.663508 0.437127
v 0.123410 0.661596 0.435031
v 0.122734 0.659402 0.432654
v 0.122076 0.656963 0.430038
v 0.121448 0.654322 0.427227
v 0.120862 0.651522 0.424270
v 0.120326 0.648613 0.421216
v 0.127262 0.668005 0.442234
v 0.120127 0.646406 0.417356
v 0.126731 0.667929 0.441913
v 0.126152 0.667468 0.441187
v 0.125536 0.666633 0.440068
v 0.124894 0.665436 0.438576
v 0.124236 0.663898 0.436736
v 0.123574 0.662046 0.434580
v 0.122919 0.659911 0.432144
v 0.122282 0.657530 0.429471
v 0.121675 0.654944 0.426605
v 0.121107 0.652196 0.423596
v 0.120588 0.649334 0.420495
v 0.127325 0.668118 0.442121
v 0.120537 0.647138 0.416625
v 0.126819 0.668087 0.441754
v 0.126269 0.667677 0.440978
v 0.125683 0.666895 0.439806
v 0.125072 0.665754 0.438258
v 0.124446 0.664274 0.436361
v 0.123816 0.662479 0.434148
v 0.123193 0.660401 0.431655
v 0.122587 0.658075 0.428926
v 0.122009 0.655541 0.426007
v 0.121469 0.652843 0.422949
v 0.120975 0.650025 0.419804
v 0.127407 0.668223 0.442016
v 0.121073 0.647828 0.415935
v 0.126935 0.668236 0.441605
v 0.126421 0.667874 0.440781
v 0.125875 0.667142 0.439559
v 0.125305 0.666053 0.437959
v 0.124721 0.664627 0.436008
v 0.124133 0.662886 0.433740
v 0.123551 0.660862 0.431194
v 0.122986 0.658588 0.428413
v 0.122447 0.656104 0.425444
v 0.121943 0.653452 0.422340
v 0.121482 0.650677 0.419152
v 0.127508 0.668321 0.441918
v 0.121727 0.648464 0.415298
v 0.127077 0.668374 0.441467
v 0.126608 0.668056 0.440600
v 0.126109 0.667370 0.439331
v 0.125589 0.666330 0.437682
v 0.125056 0.664953 0.435682
v 0.124520 0.663263 0.433364
v 0.123989 0.661288 0.430768
v 0.123473 0.659062 0.427939
v 0.122981 0.656624 0.424924
v 0.122521 0.654015 0.421777
v 0.122100 0.651279 0.418550
v 0.127625 0.668409 0.441830
v 0.122489 0.649038 0.414725
v 0.127242 0.668499 0.441343
v 0.126826 0.668219 0.440436
v 0.126382 0.667576 0.439125
v 0.125920 0.666580 0.437433
v 0.125447 0.665247 0.435387
v 0.124970 0.663602 0.433024
v 0.124498 0.661672 0.430384
v 0.124040 0.659489 0.427512
v 0.123603 0.657092 0.424456
v 0.123194 0.654522 0.421270
v 0.122821 0.651822 0.418007
v 0.127756 0.668486 0.441753
v 0.123347 0.649539 0.414223
v 0.127428 0.668607 0.441234
v 0.127070 0.668362 0.440293
v 0.126689 0.667756 0.438946
v 0.126292 0.666797 0.437215
v 0.125886 0.665504 0.435130
v 0.125477 0.663898 0.432728
v 0.125072 0.662007 0.430049
v 0.124678 0.659863 0.427138
v 0.124303 0.657502 0.424046
v 0.123952 0.654965 0.420826
v 0.123631 0.652296 0.417533
v 0.127901 0.668551 0.441688
v 0.124286 0.649961 0.413801
v 0.127631 0.668699 0.441143
v 0.127338 0.668483 0.440173
v 0.127026 0.667907 0.438795
v 0.126701 0.666981 0.437031
v 0.126368 0.665721 0.434914
v 0.126032 0.664148 0.432479
v 0.125700 0.662289 0.429766
v 0.125378 0.660176 0.426824
v 0.125070 0.657846 0.423702
v 0.124782 0.655338 0.420453
v 0.124519 0.652694 0.417134
v 0.128055 0.668602 0.441637
v 0.125293 0.650296 0.413466
v 0.127849 0.668771 0.441070
v 0.127625 0.668578 0.440077
v 0.127387 0.668027 0.438675
v 0.127138 0.667126 0.436886
v 0.126884 0.665892 0.434743
v 0.126628 0.664346 0.432281
v 0.126374 0.662513 0.429543
v 0.126128 0.660426 0.426575
v 0.125892 0.658120 0.423428
v 0.125673 0.655634 0.420158
v 0.125472 0.653011 0.416818
v 0.128218 0.668640 0.441599
v 0.126352 0.650539 0.413222
v 0.128079 0.668824 0.441018
v 0.127927 0.668647 0.440008
v 0.127766 0.668114 0.438587
v 0.127598 0.667232 0.436780
v 0.127426 0.666017 0.434618
v 0.127253 0.664490 0.432137
v 0.127082 0.662676 0.429380
v 0.126915 0.660607 0.426394
v 0.126757 0.658318 0.423230
v 0.126608 0.655849 0.419942
v 0.126472 0.653241 0.416587
v 0.128386 0.668662 0.441577
v 0.127445 0.650687 0.413075
v 0.128316 0.668856 0.440986
v 0.128239 0.668690 0.439966
v 0.128158 0.668167 0.438535
v 0.128073 0.667296 0.436716
v 0.127987 0.666093 0.434542
v 0.127900 0.664577 0.432050
v 0.127813 0.662774 0.429281
v 0.127729 0.660717 0.426284
v 0.127649 0.658438 0.423110
v 0.127574 0.655979 0.419812
v 0.127506 0.653380 0.416448
v 0.128556 0.054953 -0.192047
v 0.130489 0.054867 -0.191961
v 0.132393 0.054610 -0.191705
v 0.134236 0.054187 -0.191281
v 0.135990 0.053603 -0.190698
v 0.137626 0.052869 -0.189963
v 0.139119 0.051996 -0.189090
v 0.140446 0.050997 -0.188091
v 0.141585 0.049888 -0.186982
v 0.142518 0.048687 -0.185782
v 0.143232 0.047413 -0.184507
v 0.143714 0.046086 -0.183180
v 0.143957 0.044726 -0.181821
v 0.143957 0.043356 -0.180450
v 0.143714 0.041997 -0.179091
v 0.143232 0.040669 -0.177764
v 0.142518 0.039395 -0.176490
v 0.141585 0.038194 -0.175289
v 0.140446 0.037086 -0.174180
v 0.139119 0.036087 -0.173181
v 0.137626 0.035213 -0.172308
v 0.135990 0.034479 -0.171573
v 0.134236 0.033896 -0.170990
v 0.132393 0.033472 -0.170567
v 0.130489 0.033216 -0.170310
v 0.128556 0.033129 -0.170224
v 0.126621 0.033215 -0.170310
v 0.124717 0.033472 -0.170567
v 0.122875 0.033896 -0.170990
v 0.121121 0.034479 -0.171573
v 0.119485 0.035213 -0.172308
v 0.117992 0.036087 -0.173181
v 0.116665 0.037086 -0.174180
v 0.115526 0.038194 -0.175289
v 0.114592 0.039395 -0.176490
v 0.113879 0.040669 -0.177764
v 0.113397 0.041997 -0.179091
v 0.113154 0.043356 -0.180450
v 0.113154 0.044726 -0.181821
v 0.113397 0.046086 -0.183180
v 0.113879 0.047413 -0.184507
v 0.114592 0.048687 -0.185782
v 0.115526 0.049888 -0.186982
v 0.116665 0.050997 -0.188091
v 0.117992 0.051996 -0.189090
v 0.119485 0.052869 -0.189963
v 0.121121 0.053603 -0.190698
v 0.122875 0.054187 -0.191281
v 0.124717 0.054610 -0.191705
v 0.126621 0.054867 -0.191961
v 0.128556 0.043431 -0.203570
v 0.130489 0.043345 -0.203484
v 0.126621 0.043345 -0.203484
v 0.132393 0.043088 -0.203227
v 0.134236 0.042665 -0.202803
v 0.135990 0.042081 -0.202220
v 0.137626 0.041347 -0.201486
v 0.139119 0.040473 -0.200612
v 0.140446 0.039475 -0.199613
v 0.141585 0.038366 -0.198505
v 0.142518 0.037165 -0.197304
v 0.143232 0.035891 -0.196030
v 0.143714 0.034564 -0.194702
v 0.143957 0.033204 -0.193343
v 0.143957 0.031834 -0.191973
v 0.143714 0.030474 -0.190613
v 0.143232 0.029147 -0.189286
v 0.142518 0.027873 -0.188012
v 0.141585 0.026672 -0.186811
v 0.140446 0.025564 -0.185702
v 0.139119 0.024565 -0.184703
v 0.137626 0.023691 -0.183830
v 0.135990 0.022957 -0.183096
v 0.134236 0.022374 -0.182512
v 0.132393 0.021950 -0.182089
v 0.130489 0.021693 -0.181832
v 0.128556 0.021607 -0.181746
v 0.126621 0.021693 -0.181832
v 0.124717 0.021950 -0.182089
v 0.122875 0.022374 -0.182512
v 0.121121 0.022957 -0.183096
v 0.119485 0.023691 -0.183830
v 0.117992 0.024565 -0.184703
v 0.116665 0.025564 -0.185702
v 0.115526 0.026672 -0.186811
v 0.114592 0.027873 -0.188012
v 0.113879 0.029147 -0.189286
v 0.113397 0.030474 -0.190613
v 0.113154 0.031834 -0.191973
v 0.113154 0.033204 -0.193343
v 0.113397 0.034564 -0.194702
v 0.113879 0.035891 -0.196030
v 0.114592 0.037165 -0.197304
v 0.115526 0.038366 -0.198505
v 0.116665 0.039475 -0.199613
v 0.117992 0.040474 -0.200612
v 0.119485 0.041347 -0.201486
v 0.121121 0.042081 -0.202220
v 0.122875 0.042665 -0.202803
v 0.124717 0.043088 -0.203227
v 0.128555 0.017876 -0.237480
v 0.131230 0.017757 -0.237361
v 0.125881 0.017757 -0.237361
v 0.133862 0.017402 -0.237005
v 0.136411 0.016816 -0.236420
v 0.138836 0.016009 -0.235613
v 0.141098 0.014994 -0.234598
v 0.143163 0.013786 -0.233390
v 0.144997 0.012405 -0.232009
v 0.146573 0.010872 -0.230476
v 0.147864 0.009211 -0.228815
v 0.148850 0.007449 -0.227053
v 0.149517 0.005614 -0.225218
v 0.149852 0.003734 -0.223338
v 0.149852 0.001839 -0.221443
v 0.149517 -0.000041 -0.219563
v 0.148850 -0.001876 -0.217728
v 0.147864 -0.003638 -0.215966
v 0.146573 -0.005299 -0.214305
v 0.144997 -0.006832 -0.212772
v 0.143163 -0.008213 -0.211391
v 0.141098 -0.009421 -0.210183
v 0.138836 -0.010436 -0.209168
v 0.136411 -0.011243 -0.208361
v 0.133862 -0.011829 -0.207775
v 0.131230 -0.012184 -0.207420
v 0.128555 -0.012303 -0.207301
v 0.125881 -0.012184 -0.207420
v 0.123248 -0.011829 -0.207775
v 0.120700 -0.011243 -0.208361
v 0.118275 -0.010436 -0.209168
v 0.116012 -0.009421 -0.210183
v 0.113947 -0.008213 -0.211391
v 0.112113 -0.006832 -0.212772
v 0.110538 -0.005299 -0.214305
v 0.109247 -0.003638 -0.215966
v 0.108260 -0.001876 -0.217728
v 0.107594 -0.000041 -0.219563
v 0.107258 0.001839 -0.221443
v 0.107258 0.003734 -0.223338
v 0.107594 0.005614 -0.225218
v 0.108260 0.007449 -0.227053
v 0.109247 0.009211 -0.228815
v 0.110538 0.010872 -0.230475
v 0.112113 0.012405 -0.232009
v 0.113947 0.013786 -0.233390
v 0.116012 0.014994 -0.234598
v 0.118275 0.016009 -0.235613
v 0.120700 0.016816 -0.236420
v 0.123248 0.017402 -0.237005
v 0.128555 0.016233 -0.235837
v 0.130938 0.016127 -0.235731
v 0.133284 0.015810 -0.235414
v 0.135555 0.015289 -0.234892
v 0.137716 0.014570 -0.234173
v 0.139732 0.013665 -0.233269
v 0.141572 0.012588 -0.232192
v 0.143207 0.011357 -0.230961
v 0.144611 0.009991 -0.229595
v 0.145761 0.008512 -0.228115
v 0.146640 0.006942 -0.226545
v 0.147234 0.005306 -0.224910
v 0.147533 0.003631 -0.223235
v 0.147533 0.001942 -0.221546
v 0.147234 0.000267 -0.219871
v 0.146640 -0.001369 -0.218235
v 0.145761 -0.002939 -0.216665
v 0.144611 -0.004418 -0.215185
v 0.143207 -0.005784 -0.213819
v 0.141572 -0.007015 -0.212588
v 0.139732 -0.008092 -0.211512
v 0.137716 -0.008996 -0.210607
v 0.135555 -0.009715 -0.209888
v 0.133284 -0.010237 -0.209367
v 0.130938 -0.010554 -0.209050
v 0.128555 -0.010660 -0.208944
v 0.126172 -0.010554 -0.209050
v 0.123826 -0.010237 -0.209367
v 0.121555 -0.009715 -0.209888
v 0.119394 -0.008997 -0.210607
v 0.117378 -0.008092 -0.211512
v 0.115538 -0.007015 -0.212588
v 0.113903 -0.005784 -0.213819
v 0.112500 -0.004418 -0.215185
v 0.111349 -0.002939 -0.216665
v 0.110470 -0.001369 -0.218235
v 0.109876 0.000267 -0.219871
v 0.109577 0.001942 -0.221546
v 0.109577 0.003631 -0.223235
v 0.109876 0.005306 -0.224910
v 0.110470 0.006942 -0.226545
v 0.111349 0.008512 -0.228115
v 0.112500 0.009991 -0.229595
v 0.113903 0.011358 -0.230961
v 0.115538 0.012588 -0.232192
v 0.117378 0.013665 -0.233269
v 0.119394 0.014570 -0.234173
v 0.121555 0.015289 -0.234892
v 0.123826 0.015810 -0.235414
v 0.126172 0.016127 -0.235730
v 0.128556 0.041100 -0.203629
v 0.130288 0.041023 -0.203552
v 0.126823 0.041023 -0.203552
v 0.131994 0.040793 -0.203322
v 0.133645 0.040414 -0.202942
v 0.135216 0.039891 -0.202420
v 0.136682 0.039233 -0.201762
v 0.138020 0.038451 -0.200979
v 0.139208 0.037556 -0.200084
v 0.140229 0.036562 -0.199091
v 0.141065 0.035487 -0.198015
v 0.141704 0.034345 -0.196874
v 0.142136 0.033156 -0.195685
v 0.142353 0.031938 -0.194467
v 0.142353 0.030710 -0.193239
v 0.142136 0.029492 -0.192021
v 0.141704 0.028303 -0.190832
v 0.141065 0.027162 -0.189690
v 0.140229 0.026086 -0.188614
v 0.139208 0.025093 -0.187621
v 0.138020 0.024198 -0.186726
v 0.136682 0.023415 -0.185944
v 0.135216 0.022757 -0.185286
v 0.133645 0.022235 -0.184763
v 0.131994 0.021855 -0.184384
v 0.130288 0.021625 -0.184154
v 0.128556 0.021548 -0.184077
v 0.126823 0.021625 -0.184154
v 0.125117 0.021855 -0.184384
v 0.123466 0.022235 -0.184763
v 0.121895 0.022757 -0.185286
v 0.120429 0.023415 -0.185944
v 0.119091 0.024198 -0.186726
v 0.117903 0.025093 -0.187621
v 0.116882 0.026086 -0.188614
v 0.116046 0.027162 -0.189690
v 0.115406 0.028303 -0.190832
v 0.114975 0.029492 -0.192021
v 0.114757 0.030710 -0.193239
v 0.114757 0.031938 -0.194467
v 0.114975 0.033156 -0.195685
v 0.115406 0.034345 -0.196874
v 0.116046 0.035487 -0.198015
v 0.116882 0.036562 -0.199091
v 0.117903 0.037556 -0.200084
v 0.119091 0.038451 -0.200979
v 0.120429 0.039233 -0.201762
v 0.121895 0.039891 -0.202420
v 0.123466 0.040414 -0.202942
v 0.125117 0.040793 -0.203322
v 0.128555 0.535757 0.273403
v 0.131850 0.535611 0.273550
v 0.135093 0.535173 0.273987
v 0.138233 0.534452 0.274708
v 0.141220 0.533458 0.275702
v 0.144007 0.532207 0.276953
v 0.146551 0.530719 0.278441
v 0.148811 0.529017 0.280143
v 0.150751 0.527129 0.282031
v 0.152342 0.525083 0.284077
v 0.153557 0.522913 0.286248
v 0.154378 0.520652 0.288509
v 0.154792 0.518336 0.290825
v 0.154792 0.516001 0.293159
v 0.154378 0.513685 0.295475
v 0.153557 0.511424 0.297736
v 0.152342 0.509254 0.299906
v 0.150751 0.507208 0.301952
v 0.148811 0.505320 0.303841
v 0.146551 0.503618 0.305542
v 0.144007 0.502130 0.307030
v 0.141220 0.500879 0.308281
v 0.138233 0.499885 0.309275
v 0.135093 0.499164 0.309996
v 0.131850 0.498727 0.310434
v 0.128555 0.498580 0.310580
v 0.125261 0.498727 0.310434
v 0.122018 0.499164 0.309996
v 0.118878 0.499885 0.309275
v 0.115891 0.500879 0.308281
v 0.113103 0.502130 0.307030
v 0.110560 0.503618 0.305542
v 0.108300 0.505320 0.303841
v 0.106360 0.507208 0.301952
v 0.104769 0.509254 0.299906
v 0.103554 0.511424 0.297736
v 0.102733 0.513685 0.295475
v 0.102319 0.516001 0.293159
v 0.102319 0.518336 0.290825
v 0.102733 0.520652 0.288509
v 0.103554 0.522913 0.286248
v 0.104769 0.525083 0.284077
v 0.106360 0.527129 0.282031
v 0.108300 0.529017 0.280143
v 0.110560 0.530719 0.278441
v 0.113103 0.532207 0.276953
v 0.115891 0.533458 0.275702
v 0.118878 0.534452 0.274708
v 0.122018 0.535173 0.273987
v 0.125261 0.535611 0.273550
v 0.131850 0.435229 0.173168
v 0.131850 0.408251 0.146190
v 0.135093 0.434791 0.173605
v 0.135093 0.407813 0.146627
v 0.138233 0.434070 0.174327
v 0.138233 0.407092 0.147349
v 0.141220 0.433076 0.175320
v 0.141220 0.406098 0.148342
v 0.144007 0.431825 0.176571
v 0.144007 0.404847 0.149593
v 0.146551 0.430337 0.178059
v 0.146551 0.403359 0.151081
v 0.148811 0.428635 0.179761
v 0.148811 0.401657 0.152783
v 0.150751 0.426747 0.181649
v 0.150751 0.399769 0.154672
v 0.152342 0.424701 0.183695
v 0.152342 0.397723 0.156717
v 0.153557 0.422531 0.185866
v 0.153557 0.395553 0.158888
v 0.154378 0.420270 0.188127
v 0.154378 0.393292 0.161149
v 0.154792 0.417954 0.190443
v 0.154792 0.390976 0.163465
v 0.154792 0.415619 0.192777
v 0.154792 0.388641 0.165799
v 0.154378 0.413303 0.195093
v 0.154378 0.386326 0.168115
v 0.153557 0.411042 0.197354
v 0.153557 0.384064 0.170376
v 0.152342 0.408872 0.199524
v 0.152342 0.381894 0.172546
v 0.150751 0.406826 0.201570
v 0.150751 0.379848 0.174592
v 0.148811 0.404938 0.203459
v 0.148811 0.377960 0.176481
v 0.146551 0.403236 0.205160
v 0.146551 0.376258 0.178182
v 0.144007 0.401748 0.206648
v 0.144007 0.374770 0.179670
v 0.141220 0.400497 0.207899
v 0.141220 0.373519 0.180921
v 0.138233 0.399503 0.208893
v 0.138233 0.372525 0.181915
v 0.135093 0.398782 0.209614
v 0.135093 0.371804 0.182636
v 0.131850 0.398345 0.210052
v 0.131850 0.371367 0.183074
v 0.128555 0.398198 0.210198
v 0.128555 0.371220 0.183220
v 0.125261 0.398345 0.210052
v 0.125261 0.371367 0.183074
v 0.122018 0.398782 0.209614
v 0.122018 0.371804 0.182636
v 0.118878 0.399503 0.208893
v 0.118878 0.372525 0.181915
v 0.115891 0.400497 0.207899
v 0.115891 0.373519 0.180921
v 0.113103 0.401748 0.206648
v 0.113103 0.374770 0.179670
v 0.110560 0.403236 0.205160
v 0.110560 0.376258 0.178182
v 0.108300 0.404938 0.203459
v 0.108300 0.377960 0.176481
v 0.106360 0.406826 0.201570
v 0.106360 0.379848 0.174592
v 0.104769 0.408872 0.199524
v 0.104769 0.381894 0.172546
v 0.103554 0.411042 0.197354
v 0.103554 0.384064 0.170376
v 0.102733 0.413303 0.195093
v 0.102733 0.386326 0.168115
v 0.102319 0.415619 0.192777
v 0.102319 0.388641 0.165799
v 0.102319 0.417954 0.190443
v 0.102319 0.390976 0.163465
v 0.102733 0.420270 0.188127
v 0.102733 0.393292 0.161149
v 0.103554 0.422531 0.185866
v 0.103554 0.395553 0.158888
v 0.104769 0.424701 0.183695
v 0.104769 0.397723 0.156717
v 0.106360 0.426747 0.181649
v 0.106360 0.399769 0.154672
v 0.108300 0.428635 0.179761
v 0.108300 0.401657 0.152783
v 0.110560 0.430337 0.178059
v 0.110560 0.403359 0.151081
v 0.113103 0.431825 0.176571
v 0.113103 0.404847 0.149593
v 0.115891 0.433076 0.175320
v 0.115891 0.406098 0.148342
v 0.118878 0.434070 0.174327
v 0.118878 0.407092 0.147349
v 0.122018 0.434791 0.173605
v 0.122018 0.407813 0.146627
v 0.125261 0.435229 0.173168
v 0.125261 0.408251 0.146190
v 0.128555 0.408397 0.146043
v 0.128555 0.435375 0.173021
v 0.131886 0.433359 0.170891
v 0.131886 0.410527 0.148060
v 0.131960 0.426531 0.163244
v 0.131960 0.418174 0.154887
v 0.135165 0.432917 0.171334
v 0.135165 0.410085 0.148502
v 0.135310 0.426079 0.163696
v 0.135310 0.417722 0.155339
v 0.138339 0.432187 0.172063
v 0.138339 0.409356 0.149231
v 0.138554 0.425334 0.164441
v 0.138554 0.416977 0.156085
v 0.141359 0.431182 0.173068
v 0.141359 0.408351 0.150236
v 0.141641 0.424307 0.165468
v 0.141641 0.415950 0.157111
v 0.144177 0.429918 0.174332
v 0.144177 0.407086 0.151501
v 0.144521 0.423015 0.166761
v 0.144521 0.414657 0.158404
v 0.146749 0.428413 0.175837
v 0.146749 0.405581 0.153005
v 0.147149 0.421477 0.168298
v 0.147149 0.413120 0.159941
v 0.149034 0.426693 0.177557
v 0.149034 0.403861 0.154726
v 0.149484 0.419719 0.170057
v 0.149484 0.411362 0.161700
v 0.150996 0.424784 0.179467
v 0.150996 0.401952 0.156635
v 0.151489 0.417767 0.172008
v 0.151489 0.409411 0.163651
v 0.152604 0.422715 0.181535
v 0.152604 0.399883 0.158703
v 0.153132 0.415654 0.174122
v 0.153132 0.407297 0.165764
v 0.153833 0.420521 0.183729
v 0.153833 0.397689 0.160897
v 0.154388 0.413411 0.176364
v 0.154388 0.405054 0.168007
v 0.154663 0.418235 0.186015
v 0.154663 0.395403 0.163183
v 0.155236 0.411075 0.178700
v 0.155236 0.402718 0.170343
v 0.155081 0.415893 0.188356
v 0.155081 0.393062 0.165525
v 0.155664 0.408682 0.181093
v 0.155664 0.400325 0.172736
v 0.155081 0.413533 0.190717
v 0.155081 0.390702 0.167885
v 0.155664 0.406270 0.183505
v 0.155664 0.397913 0.175148
v 0.154663 0.411192 0.193058
v 0.154663 0.388360 0.170226
v 0.155236 0.403877 0.185898
v 0.155236 0.395520 0.177541
v 0.153833 0.408906 0.195344
v 0.153833 0.386074 0.172512
v 0.154388 0.401541 0.188234
v 0.154388 0.393184 0.179877
v 0.152604 0.406712 0.197539
v 0.152604 0.383880 0.174707
v 0.153132 0.399298 0.190477
v 0.153132 0.390941 0.182120
v 0.150996 0.404643 0.199607
v 0.150996 0.381812 0.176775
v 0.151489 0.397185 0.192591
v 0.151489 0.388828 0.184234
v 0.149034 0.402734 0.201516
v 0.149034 0.379902 0.178684
v 0.149484 0.395233 0.194542
v 0.149484 0.386877 0.186185
v 0.146749 0.401014 0.203237
v 0.146749 0.378182 0.180405
v 0.147149 0.393475 0.196300
v 0.147149 0.385118 0.187943
v 0.144177 0.399509 0.204741
v 0.144177 0.376677 0.181909
v 0.144521 0.391938 0.197838
v 0.144521 0.383581 0.189481
v 0.141359 0.398245 0.206006
v 0.141359 0.375413 0.183174
v 0.141641 0.390645 0.199130
v 0.141641 0.382288 0.190773
v 0.138339 0.397240 0.207010
v 0.138339 0.374408 0.184179
v 0.138554 0.389618 0.200157
v 0.138554 0.381261 0.191800
v 0.135165 0.396510 0.207740
v 0.135165 0.373679 0.184908
v 0.135310 0.388873 0.200902
v 0.135310 0.380516 0.192545
v 0.131886 0.396068 0.208182
v 0.131886 0.373237 0.185350
v 0.131960 0.388421 0.201354
v 0.131960 0.380064 0.192997
v 0.128555 0.395920 0.208330
v 0.128555 0.373088 0.185498
v 0.128555 0.388270 0.201506
v 0.128555 0.379913 0.193149
v 0.125224 0.396068 0.208182
v 0.125224 0.373237 0.185350
v 0.125151 0.388421 0.201354
v 0.125151 0.380064 0.192997
v 0.121946 0.396510 0.207740
v 0.121946 0.373679 0.184908
v 0.121801 0.388873 0.200902
v 0.121801 0.380516 0.192545
v 0.118771 0.397240 0.207010
v 0.118771 0.374408 0.184179
v 0.118556 0.389618 0.200157
v 0.118556 0.381261 0.191800
v 0.115751 0.398244 0.206005
v 0.115751 0.375413 0.183174
v 0.115470 0.390645 0.199130
v 0.115470 0.382288 0.190773
v 0.112933 0.399509 0.204741
v 0.112933 0.376678 0.181909
v 0.112590 0.391938 0.197838
v 0.112590 0.383581 0.189481
v 0.110361 0.401013 0.203236
v 0.110361 0.378182 0.180405
v 0.109962 0.393475 0.196300
v 0.109962 0.385118 0.187943
v 0.108077 0.402734 0.201516
v 0.108077 0.379903 0.178685
v 0.107627 0.395233 0.194542
v 0.107627 0.386877 0.186185
v 0.106115 0.404643 0.199606
v 0.106115 0.381812 0.176775
v 0.105622 0.397185 0.192591
v 0.105622 0.388828 0.184234
v 0.104507 0.406711 0.197538
v 0.104507 0.383880 0.174707
v 0.103978 0.399298 0.190477
v 0.103978 0.390941 0.182120
v 0.103278 0.408906 0.195344
v 0.103278 0.386075 0.172513
v 0.102723 0.401541 0.188234
v 0.102723 0.393184 0.179878
v 0.102448 0.411192 0.193058
v 0.102448 0.388361 0.170227
v 0.101874 0.403877 0.185898
v 0.101874 0.395520 0.177541
v 0.102030 0.413533 0.190716
v 0.102030 0.390702 0.167885
v 0.101447 0.406270 0.183505
v 0.101447 0.397913 0.175148
v 0.102030 0.415893 0.188356
v 0.102030 0.393062 0.165525
v 0.101447 0.408682 0.181093
v 0.101447 0.400325 0.172736
v 0.102448 0.418235 0.186015
v 0.102448 0.395404 0.163184
v 0.101874 0.411075 0.178700
v 0.101874 0.402718 0.170343
v 0.103278 0.420521 0.183729
v 0.103278 0.397690 0.160898
v 0.102723 0.413411 0.176364
v 0.102723 0.405054 0.168007
v 0.104507 0.422715 0.181535
v 0.104507 0.399884 0.158703
v 0.103978 0.415654 0.174121
v 0.103978 0.407297 0.165765
v 0.106115 0.424783 0.179466
v 0.106115 0.401952 0.156635
v 0.105622 0.417767 0.172008
v 0.105622 0.409411 0.163651
v 0.108077 0.426693 0.177557
v 0.108077 0.403861 0.154726
v 0.107627 0.419719 0.170056
v 0.107627 0.411362 0.161700
v 0.110361 0.428413 0.175836
v 0.110361 0.405582 0.153005
v 0.109962 0.421477 0.168298
v 0.109962 0.413120 0.159941
v 0.112933 0.429918 0.174332
v 0.112933 0.407086 0.151501
v 0.112590 0.423014 0.166761
v 0.112590 0.414658 0.158404
v 0.115751 0.431182 0.173067
v 0.115751 0.408351 0.150236
v 0.115470 0.424307 0.165468
v 0.115470 0.415950 0.157111
v 0.118771 0.432187 0.172063
v 0.118771 0.409356 0.149231
v 0.118556 0.425334 0.164441
v 0.118556 0.416977 0.156085
v 0.121946 0.432916 0.171333
v 0.121946 0.410085 0.148502
v 0.121801 0.426079 0.163696
v 0.121801 0.417722 0.155339
v 0.125224 0.433359 0.170891
v 0.125224 0.410527 0.148060
v 0.125151 0.426531 0.163244
v 0.125151 0.418174 0.154887
v 0.128555 0.410675 0.147911
v 0.128555 0.433507 0.170743
v 0.128555 0.418326 0.154736
v 0.128555 0.426683 0.163093
v 0.098371 0.486071 0.263229
v 0.098371 0.488405 0.260894
v 0.098371 0.445550 0.222707
v 0.098371 0.447884 0.220373
v 0.158082 0.490076 0.262564
v 0.158082 0.487741 0.264899
v 0.158082 0.446214 0.218702
v 0.158082 0.443879 0.221037
v 0.124428 0.063025 -0.156594
v 0.124428 0.111778 -0.107841
v 0.124273 0.068316 -0.161885
v 0.124273 0.117069 -0.113132
v 0.133072 0.062892 -0.156461
v 0.133072 0.111645 -0.107708
v 0.133271 0.068316 -0.161885
v 0.133271 0.117069 -0.113132
v 0.075915 0.019717 -0.208595
v 0.075915 0.016582 -0.205459
v 0.075915 0.123006 -0.099036
v 0.075915 0.126141 -0.102171
v 0.181189 0.016582 -0.205459
v 0.181189 0.019717 -0.208595
v 0.181189 0.126141 -0.102171
v 0.181189 0.123006 -0.099036
v 0.131507 0.054379 -0.243256
v 0.125597 0.054379 -0.243256
v 0.125597 0.160802 -0.136832
v 0.131507 0.160802 -0.136832
v 0.125597 -0.018079 -0.170798
v 0.131507 -0.018079 -0.170798
v 0.131507 0.088345 -0.064375
v 0.125597 0.088345 -0.064375
v 0.126153 0.176436 -0.051286
v 0.130951 0.176436 -0.051286
v 0.126153 0.173891 -0.048741
v 0.130951 0.173891 -0.048741
v 0.130951 0.067077 -0.160646
v 0.126153 0.067077 -0.160646
v 0.130951 0.064531 -0.158100
v 0.126153 0.064531 -0.158100
vt 0.849199 0.430443
vt 0.871032 0.416587
vt 0.871032 0.416587
vt 0.849199 0.430443
vt 0.750000 0.490000
vt 0.780080 0.488108
vt 0.775808 0.454288
vt 0.750000 0.455913
vt 0.809686 0.482460
vt 0.801208 0.449443
vt 0.838350 0.473146
vt 0.825802 0.441452
vt 0.865621 0.460314
vt 0.891068 0.444164
vt 0.914291 0.424952
vt 0.890956 0.400103
vt 0.934923 0.402982
vt 0.908658 0.381253
vt 0.952639 0.378598
vt 0.923857 0.360333
vt 0.967158 0.352187
vt 0.936315 0.337673
vt 0.978254 0.324164
vt 0.945834 0.313630
vt 0.985749 0.294972
vt 0.952265 0.288584
vt 0.989526 0.265070
vt 0.955506 0.262929
vt 0.989526 0.234930
vt 0.955506 0.237071
vt 0.985749 0.205028
vt 0.952265 0.211416
vt 0.978254 0.175836
vt 0.945834 0.186370
vt 0.967158 0.147813
vt 0.936315 0.162327
vt 0.952639 0.121402
vt 0.923857 0.139666
vt 0.934923 0.097018
vt 0.908658 0.118747
vt 0.914291 0.075048
vt 0.890957 0.099897
vt 0.891068 0.055836
vt 0.871032 0.083414
vt 0.865621 0.039686
vt 0.849199 0.069557
vt 0.838350 0.026854
vt 0.825802 0.058548
vt 0.809686 0.017540
vt 0.801208 0.050557
vt 0.780080 0.011892
vt 0.775808 0.045712
vt 0.750000 0.010000
vt 0.750000 0.044087
vt 0.719920 0.011892
vt 0.724193 0.045711
vt 0.690314 0.017540
vt 0.698792 0.050557
vt 0.661650 0.026854
vt 0.674198 0.058548
vt 0.634379 0.039686
vt 0.650801 0.069557
vt 0.608932 0.055836
vt 0.628968 0.083414
vt 0.585709 0.075048
vt 0.609043 0.099896
vt 0.565077 0.097018
vt 0.591342 0.118746
vt 0.547361 0.121402
vt 0.576143 0.139667
vt 0.532842 0.147813
vt 0.563685 0.162327
vt 0.521746 0.175836
vt 0.554166 0.186370
vt 0.514251 0.205028
vt 0.547736 0.211416
vt 0.510474 0.234930
vt 0.544494 0.237071
vt 0.510474 0.265070
vt 0.544495 0.262929
vt 0.514251 0.294972
vt 0.547735 0.288584
vt 0.521746 0.324164
vt 0.554166 0.313630
vt 0.532842 0.352187
vt 0.563685 0.337673
vt 0.547361 0.378598
vt 0.576143 0.360333
vt 0.565077 0.402982
vt 0.591343 0.381254
vt 0.585709 0.424952
vt 0.609043 0.400103
vt 0.608932 0.444164
vt 0.628968 0.416586
vt 0.634379 0.460314
vt 0.650801 0.430443
vt 0.661650 0.473146
vt 0.674198 0.441452
vt 0.690314 0.482460
vt 0.698792 0.449443
vt 0.719920 0.488108
vt 0.724193 0.454289
vt 0.591342 0.118746
vt 0.609043 0.099896
vt 0.890957 0.099897
vt 0.908658 0.118747
vt 0.650801 0.430443
vt 0.628968 0.416586
vt 0.890956 0.400103
vt 0.576143 0.139667
vt 0.871032 0.083414
vt 0.674198 0.441452
vt 0.908658 0.381253
vt 0.563685 0.162327
vt 0.849199 0.069557
vt 0.698792 0.449443
vt 0.923857 0.360333
vt 0.554166 0.186370
vt 0.825802 0.058548
vt 0.724193 0.454289
vt 0.936315 0.337673
vt 0.547736 0.211416
vt 0.801208 0.050557
vt 0.945834 0.313630
vt 0.544494 0.237071
vt 0.775808 0.045712
vt 0.952265 0.288584
vt 0.544495 0.262929
vt 0.750000 0.044087
vt 0.955506 0.262929
vt 0.547735 0.288584
vt 0.724193 0.045711
vt 0.955506 0.237071
vt 0.554166 0.313630
vt 0.775808 0.454288
vt 0.750000 0.455913
vt 0.698792 0.050557
vt 0.952265 0.211416
vt 0.563685 0.337673
vt 0.674198 0.058548
vt 0.945834 0.186370
vt 0.576143 0.360333
vt 0.801208 0.449443
vt 0.650801 0.069557
vt 0.936315 0.162327
vt 0.591343 0.381254
vt 0.825802 0.441452
vt 0.628968 0.083414
vt 0.923857 0.139666
vt 0.609043 0.400103
vt 0.750000 0.433493
vt 0.772997 0.432045
vt 0.795633 0.427727
vt 0.817548 0.420607
vt 0.838398 0.410795
vt 0.857853 0.398448
vt 0.875609 0.383760
vt 0.891383 0.366962
vt 0.904927 0.348320
vt 0.916028 0.328128
vt 0.924511 0.306702
vt 0.930242 0.284383
vt 0.933130 0.261522
vt 0.933129 0.238478
vt 0.930242 0.215617
vt 0.924511 0.193298
vt 0.916028 0.171872
vt 0.904928 0.151680
vt 0.891383 0.133038
vt 0.875608 0.116240
vt 0.857853 0.101552
vt 0.838398 0.089205
vt 0.817548 0.079394
vt 0.795633 0.072273
vt 0.772997 0.067955
vt 0.750000 0.066507
vt 0.727004 0.067955
vt 0.704367 0.072274
vt 0.682451 0.079394
vt 0.661602 0.089204
vt 0.642147 0.101552
vt 0.624391 0.116241
vt 0.608617 0.133037
vt 0.595073 0.151680
vt 0.583971 0.171874
vt 0.575488 0.193298
vt 0.569758 0.215617
vt 0.566871 0.238478
vt 0.566871 0.261522
vt 0.569758 0.284383
vt 0.575488 0.306702
vt 0.583971 0.328126
vt 0.595073 0.348320
vt 0.608617 0.366963
vt 0.624391 0.383760
vt 0.642147 0.398448
vt 0.661602 0.410796
vt 0.682451 0.420606
vt 0.704367 0.427726
vt 0.727004 0.432045
vt 0.020000 0.500000
vt 0.020000 0.858045
vt 0.000000 0.858045
vt 0.000000 0.500000
vt 0.040000 0.500000
vt 0.040000 0.858045
vt 0.060000 0.500000
vt 0.060000 0.858045
vt 0.080000 0.500000
vt 0.080000 0.858045
vt 0.100000 0.500000
vt 0.100000 0.858045
vt 0.120000 0.500000
vt 0.120000 0.858045
vt 0.140000 0.500000
vt 0.140000 0.858045
vt 0.160000 0.500000
vt 0.160000 0.858045
vt 0.180000 0.500000
vt 0.180000 0.858045
vt 0.200000 0.500000
vt 0.200000 0.858045
vt 0.220000 0.500000
vt 0.220000 0.858045
vt 0.240000 0.500000
vt 0.240000 0.858045
vt 0.260000 0.500000
vt 0.260000 0.858045
vt 0.280000 0.500000
vt 0.280000 0.858045
vt 0.300000 0.500000
vt 0.300000 0.858045
vt 0.320000 0.500000
vt 0.320000 0.858045
vt 0.340000 0.500000
vt 0.340000 0.858045
vt 0.360000 0.500000
vt 0.360000 0.858045
vt 0.380000 0.500000
vt 0.380000 0.858045
vt 0.400000 0.500000
vt 0.400000 0.858045
vt 0.420000 0.500000
vt 0.420000 0.858045
vt 0.440000 0.500000
vt 0.440000 0.858045
vt 0.460000 0.500000
vt 0.460000 0.858045
vt 0.480000 0.500000
vt 0.480000 0.858045
vt 0.500000 0.500000
vt 0.500000 0.858045
vt 0.520000 0.500000
vt 0.520000 0.858045
vt 0.540000 0.500000
vt 0.540000 0.858045
vt 0.560000 0.500000
vt 0.560000 0.858045
vt 0.580000 0.500000
vt 0.580000 0.858045
vt 0.600000 0.500000
vt 0.600000 0.858045
vt 0.620000 0.500000
vt 0.620000 0.858045
vt 0.640000 0.500000
vt 0.640000 0.858045
vt 0.660000 0.500000
vt 0.660000 0.858045
vt 0.680000 0.500000
vt 0.680000 0.858045
vt 0.700000 0.500000
vt 0.700000 0.858045
vt 0.720000 0.500000
vt 0.720000 0.858045
vt 0.740000 0.500000
vt 0.740000 0.858045
vt 0.760000 0.500000
vt 0.760000 0.858045
vt 0.780000 0.500000
vt 0.780000 0.858045
vt 0.800000 0.500000
vt 0.800000 0.858045
vt 0.820000 0.500000
vt 0.820000 0.858045
vt 0.840000 0.500000
vt 0.840000 0.858045
vt 0.860000 0.500000
vt 0.860000 0.858045
vt 0.880000 0.500000
vt 0.880000 0.858045
vt 0.900000 0.500000
vt 0.900000 0.858045
vt 0.920000 0.500000
vt 0.920000 0.858045
vt 0.940000 0.500000
vt 0.940000 0.858045
vt 1.000000 0.885981
vt 1.000000 0.989927
vt 0.980000 0.989927
vt 0.980000 0.885981
vt 0.960000 0.500000
vt 0.960000 0.858045
vt 0.960000 0.989927
vt 0.960000 0.885981
vt 1.000000 0.500000
vt 1.000000 0.858045
vt 0.980000 0.858045
vt 0.980000 0.500000
vt 0.940000 0.989927
vt 0.940000 0.885981
vt 0.920000 0.989927
vt 0.920000 0.885981
vt 0.900000 0.989927
vt 0.900000 0.885981
vt 0.880000 0.989927
vt 0.880000 0.885981
vt 0.860000 0.989927
vt 0.860000 0.885981
vt 0.840000 0.989927
vt 0.840000 0.885981
vt 0.820000 0.989927
vt 0.820000 0.885981
vt 0.800000 0.989927
vt 0.800000 0.885981
vt 0.780000 0.989927
vt 0.780000 0.885981
vt 0.760000 0.989927
vt 0.760000 0.885981
vt 0.740000 0.989927
vt 0.740000 0.885981
vt 0.740000 0.885981
vt 0.740000 0.989927
vt 0.720000 0.989927
vt 0.720000 0.885981
vt 0.700000 0.989927
vt 0.700000 0.885981
vt 0.680000 0.989927
vt 0.680000 0.885981
vt 0.660000 0.989927
vt 0.660000 0.885981
vt 0.640000 0.989927
vt 0.640000 0.885981
vt 0.620000 0.989927
vt 0.620000 0.885981
vt 0.600000 0.989927
vt 0.600000 0.885981
vt 0.580000 0.989927
vt 0.580000 0.885981
vt 0.560000 0.989927
vt 0.560000 0.885981
vt 0.540000 0.989927
vt 0.540000 0.885981
vt 0.520000 0.989927
vt 0.520000 0.885981
vt 0.500000 0.989927
vt 0.500000 0.885981
vt 0.480000 0.989927
vt 0.480000 0.885981
vt 0.460000 0.989927
vt 0.460000 0.885981
vt 0.440000 0.989927
vt 0.440000 0.885981
vt 0.420000 0.989927
vt 0.420000 0.885981
vt 0.400000 0.989927
vt 0.400000 0.885981
vt 0.380000 0.989927
vt 0.380000 0.885981
vt 0.360000 0.989927
vt 0.360000 0.885981
vt 0.340000 0.989927
vt 0.340000 0.885981
vt 0.320000 0.989927
vt 0.320000 0.885981
vt 0.300000 0.989927
vt 0.300000 0.885981
vt 0.280000 0.989927
vt 0.280000 0.885981
vt 0.260000 0.989927
vt 0.260000 0.885981
vt 0.240000 0.989927
vt 0.240000 0.885981
vt 0.240000 0.885981
vt 0.240000 0.989927
vt 0.220000 0.989927
vt 0.220000 0.885981
vt 0.200000 0.989927
vt 0.200000 0.885981
vt 0.180000 0.989927
vt 0.180000 0.885981
vt 0.160000 0.989927
vt 0.160000 0.885981
vt 0.140000 0.989927
vt 0.140000 0.885981
vt 0.120000 0.989927
vt 0.120000 0.885981
vt 0.100000 0.989927
vt 0.100000 0.885981
vt 0.080000 0.989927
vt 0.080000 0.885981
vt 0.060000 0.989927
vt 0.060000 0.885981
vt 0.040000 0.989927
vt 0.040000 0.885981
vt 0.020000 0.989927
vt 0.020000 0.885981
vt 0.000000 0.989927
vt 0.000000 0.885981
vt 0.120000 0.860192
vt 0.140000 0.860192
vt 0.140000 0.865481
vt 0.120001 0.865481
vt 0.100001 0.860192
vt 0.100000 0.865481
vt 0.080000 0.860192
vt 0.080000 0.865481
vt 0.060000 0.860192
vt 0.060000 0.865481
vt 0.040001 0.860192
vt 0.040000 0.865481
vt 0.020000 0.860192
vt 0.020000 0.865481
vt 0.000000 0.860192
vt 0.000047 0.865481
vt 0.260000 0.885981
vt 0.260000 0.989927
vt 0.760000 0.885981
vt 0.760000 0.989927
vt 1.000000 1.000000
vt 0.980000 1.000000
vt 0.960000 1.000000
vt 0.940000 1.000000
vt 0.920000 1.000000
vt 0.900000 1.000000
vt 0.880000 1.000000
vt 0.860000 1.000000
vt 0.840000 1.000000
vt 0.820000 1.000000
vt 0.800000 1.000000
vt 0.780000 1.000000
vt 0.760000 1.000000
vt 0.740000 1.000000
vt 0.720000 1.000000
vt 0.700000 1.000000
vt 0.680000 1.000000
vt 0.660000 1.000000
vt 0.640000 1.000000
vt 0.620000 1.000000
vt 0.600000 1.000000
vt 0.580000 1.000000
vt 0.560000 1.000000
vt 0.540000 1.000000
vt 0.520000 1.000000
vt 0.500000 1.000000
vt 0.480000 1.000000
vt 0.460000 1.000000
vt 0.440000 1.000000
vt 0.420000 1.000000
vt 0.400000 1.000000
vt 0.380000 1.000000
vt 0.360000 1.000000
vt 0.340000 1.000000
vt 0.320000 1.000000
vt 0.300000 1.000000
vt 0.280000 1.000000
vt 0.260000 1.000000
vt 0.240000 1.000000
vt 0.220000 1.000000
vt 0.200000 1.000000
vt 0.180000 1.000000
vt 0.160000 1.000000
vt 0.140000 1.000000
vt 0.120000 1.000000
vt 0.100000 1.000000
vt 0.080000 1.000000
vt 0.060000 1.000000
vt 0.040000 1.000000
vt 0.920001 1.000000
vt 0.900000 1.000000
vt 0.020000 1.000000
vt 0.000000 1.000000
vt 0.980000 1.000000
vt 0.960000 1.000000
vt 0.740000 1.000000
vt 0.720000 1.000000
vt 0.559998 1.000000
vt 0.540000 1.000000
vt 0.380001 1.000000
vt 0.360000 1.000000
vt 0.200000 1.000000
vt 0.180000 1.000000
vt 0.820000 1.000000
vt 0.800000 1.000000
vt 0.640000 1.000000
vt 0.620000 1.000000
vt 0.460001 1.000000
vt 0.440002 1.000000
vt 0.280000 1.000000
vt 0.260000 1.000000
vt 0.100000 1.000000
vt 0.080000 1.000000
vt 0.880001 1.000000
vt 0.700000 1.000000
vt 0.520000 1.000000
vt 0.257553 0.309778
vt 0.249998 0.310254
vt 0.242451 0.309779
vt 0.235016 0.308361
vt 0.227815 0.306021
vt 0.220975 0.302803
vt 0.214574 0.298741
vt 0.208765 0.293936
vt 0.203572 0.288406
vt 0.199121 0.282280
vt 0.195488 0.275666
vt 0.192694 0.268617
vt 0.190811 0.261279
vt 0.189865 0.253780
vt 0.189865 0.246220
vt 0.190811 0.238721
vt 0.192694 0.231383
vt 0.195488 0.224333
vt 0.199121 0.217722
vt 0.203577 0.211592
vt 0.208765 0.206066
vt 0.214574 0.201259
vt 0.220975 0.197197
vt 0.227815 0.193979
vt 0.235016 0.191639
vt 0.242451 0.190221
vt 0.249998 0.189746
vt 0.257553 0.190222
vt 0.264985 0.191639
vt 0.272185 0.193979
vt 0.279030 0.197199
vt 0.285399 0.201242
vt 0.291253 0.206085
vt 0.296428 0.211594
vt 0.300879 0.217720
vt 0.304512 0.224334
vt 0.307315 0.231413
vt 0.309185 0.238693
vt 0.310135 0.246216
vt 0.310135 0.253784
vt 0.309185 0.261307
vt 0.307315 0.268587
vt 0.304512 0.275667
vt 0.300879 0.282280
vt 0.296428 0.288406
vt 0.291253 0.293915
vt 0.285417 0.298747
vt 0.279030 0.302801
vt 0.272185 0.306021
vt 0.264985 0.308361
vt 0.340001 1.000000
vt 0.160000 1.000000
vt 0.940003 1.000000
vt 0.780000 1.000000
vt 0.600000 1.000000
vt 0.420000 1.000000
vt 0.240000 1.000000
vt 0.059998 1.000000
vt 0.860000 1.000000
vt 0.680000 1.000000
vt 0.500000 1.000000
vt 0.320001 1.000000
vt 0.140000 1.000000
vt 0.020000 1.000000
vt 0.000002 1.000000
vt 0.760000 1.000000
vt 0.580000 1.000000
vt 0.400000 1.000000
vt 0.220000 1.000000
vt 0.039999 1.000000
vt 0.840001 1.000000
vt 0.659999 1.000000
vt 0.480000 1.000000
vt 0.300000 1.000000
vt 0.120000 1.000000
vt 1.000000 1.000000
vt 0.999988 1.000000
vt 0.980010 1.000000
vt 0.999952 1.000000
vt 0.980049 1.000000
vt 0.999884 1.000000
vt 0.980115 1.000000
vt 0.999777 1.000000
vt 0.980221 1.000000
vt 0.999624 1.000000
vt 0.980372 1.000000
vt 0.999667 1.000000
vt 0.980330 1.000000
vt 0.279578 0.488139
vt 0.250497 0.489969
vt 0.249998 0.451201
vt 0.275215 0.449614
vt 0.249998 0.420565
vt 0.271376 0.419220
vt 0.249998 0.390652
vt 0.267628 0.389542
vt 0.249998 0.361974
vt 0.264034 0.361090
vt 0.249998 0.335020
vt 0.260658 0.334350
vt 0.960013 1.000000
vt 0.960049 1.000000
vt 0.979882 1.000000
vt 0.960118 1.000000
vt 0.979777 1.000000
vt 0.960224 1.000000
vt 0.979627 1.000000
vt 0.960375 1.000000
vt 0.979670 1.000000
vt 0.960333 1.000000
vt 0.309193 0.482554
vt 0.280569 0.488014
vt 0.300035 0.444881
vt 0.292417 0.415207
vt 0.284977 0.386233
vt 0.277848 0.358456
vt 0.271145 0.332350
vt 0.940012 1.000000
vt 0.940049 1.000000
vt 0.959882 1.000000
vt 0.940120 1.000000
vt 0.959779 1.000000
vt 0.940226 1.000000
vt 0.959624 1.000000
vt 0.940377 1.000000
vt 0.959670 1.000000
vt 0.940333 1.000000
vt 0.337875 0.473301
vt 0.310161 0.482306
vt 0.324069 0.437072
vt 0.312792 0.408587
vt 0.301781 0.380774
vt 0.291222 0.354109
vt 0.281304 0.329049
vt 0.920011 1.000000
vt 0.920049 1.000000
vt 0.939885 1.000000
vt 0.920116 1.000000
vt 0.939779 1.000000
vt 0.920222 1.000000
vt 0.939627 1.000000
vt 0.920372 1.000000
vt 0.939670 1.000000
vt 0.920330 1.000000
vt 0.365168 0.460527
vt 0.338803 0.472933
vt 0.346932 0.426315
vt 0.332171 0.399467
vt 0.317762 0.373254
vt 0.303944 0.348123
vt 0.290960 0.324504
vt 0.900011 1.000000
vt 0.900048 1.000000
vt 0.919885 1.000000
vt 0.900118 1.000000
vt 0.919778 1.000000
vt 0.900222 1.000000
vt 0.919625 1.000000
vt 0.900373 1.000000
vt 0.919670 1.000000
vt 0.900332 1.000000
vt 0.390646 0.444432
vt 0.366043 0.460046
vt 0.368262 0.412775
vt 0.350254 0.387991
vt 0.332673 0.363790
vt 0.315817 0.340589
vt 0.299973 0.318784
vt 0.880013 1.000000
vt 0.880049 1.000000
vt 0.899883 1.000000
vt 0.880119 1.000000
vt 0.899778 1.000000
vt 0.880222 1.000000
vt 0.899626 1.000000
vt 0.880373 1.000000
vt 0.899669 1.000000
vt 0.880330 1.000000
vt 0.413909 0.425269
vt 0.391455 0.443846
vt 0.387734 0.396666
vt 0.366764 0.374333
vt 0.346287 0.352526
vt 0.326655 0.331619
vt 0.308208 0.311971
vt 0.860011 1.000000
vt 0.860049 1.000000
vt 0.879883 1.000000
vt 0.860118 1.000000
vt 0.879776 1.000000
vt 0.860222 1.000000
vt 0.879625 1.000000
vt 0.860374 1.000000
vt 0.879666 1.000000
vt 0.860330 1.000000
vt 0.434581 0.403346
vt 0.414638 0.424585
vt 0.405026 0.378248
vt 0.381422 0.358720
vt 0.358374 0.339652
vt 0.336276 0.321371
vt 0.315510 0.304191
vt 0.840012 1.000000
vt 0.840050 1.000000
vt 0.859882 1.000000
vt 0.840118 1.000000
vt 0.859777 1.000000
vt 0.840223 1.000000
vt 0.859627 1.000000
vt 0.840374 1.000000
vt 0.859669 1.000000
vt 0.840333 1.000000
vt 0.452345 0.379002
vt 0.435217 0.402577
vt 0.419880 0.357807
vt 0.394015 0.341391
vt 0.368759 0.325362
vt 0.344546 0.309995
vt 0.321791 0.295551
vt 0.820012 1.000000
vt 0.839951 1.000000
vt 0.820049 1.000000
vt 0.839884 1.000000
vt 0.820118 1.000000
vt 0.839777 1.000000
vt 0.820224 1.000000
vt 0.839626 1.000000
vt 0.820375 1.000000
vt 0.839669 1.000000
vt 0.820336 1.000000
vt 0.466915 0.352630
vt 0.452880 0.378160
vt 0.432050 0.335674
vt 0.404333 0.322632
vt 0.377264 0.309896
vt 0.351316 0.297687
vt 0.326926 0.286212
vt 0.800011 1.000000
vt 0.800048 1.000000
vt 0.819884 1.000000
vt 0.800116 1.000000
vt 0.819779 1.000000
vt 0.800221 1.000000
vt 0.819628 1.000000
vt 0.800370 1.000000
vt 0.819672 1.000000
vt 0.800326 1.000000
vt 0.478073 0.324620
vt 0.467341 0.351727
vt 0.441360 0.312162
vt 0.412221 0.302692
vt 0.383776 0.293444
vt 0.356503 0.284578
vt 0.330865 0.276245
vt 0.780011 1.000000
vt 0.780049 1.000000
vt 0.799882 1.000000
vt 0.780118 1.000000
vt 0.799776 1.000000
vt 0.780225 1.000000
vt 0.799623 1.000000
vt 0.780376 1.000000
vt 0.799662 1.000000
vt 0.780336 1.000000
vt 0.485623 0.295462
vt 0.478380 0.323670
vt 0.447635 0.287708
vt 0.417542 0.281969
vt 0.388160 0.276366
vt 0.359990 0.270994
vt 0.333513 0.265946
vt 0.760012 1.000000
vt 0.760049 1.000000
vt 0.779884 1.000000
vt 0.760117 1.000000
vt 0.779779 1.000000
vt 0.760223 1.000000
vt 0.779629 1.000000
vt 0.760374 1.000000
vt 0.779672 1.000000
vt 0.760332 1.000000
vt 0.489464 0.265566
vt 0.485811 0.294480
vt 0.450803 0.262634
vt 0.420230 0.260710
vt 0.390377 0.258832
vt 0.361754 0.257031
vt 0.334854 0.255339
vt 0.740012 1.000000
vt 0.740049 1.000000
vt 0.759883 1.000000
vt 0.740117 1.000000
vt 0.759778 1.000000
vt 0.740223 1.000000
vt 0.759627 1.000000
vt 0.740374 1.000000
vt 0.759668 1.000000
vt 0.740332 1.000000
vt 0.489526 0.235430
vt 0.489526 0.264570
vt 0.450802 0.237366
vt 0.420230 0.239290
vt 0.390377 0.241168
vt 0.361754 0.242969
vt 0.334854 0.244661
vt 0.720012 1.000000
vt 0.720049 1.000000
vt 0.739883 1.000000
vt 0.720117 1.000000
vt 0.739778 1.000000
vt 0.720222 1.000000
vt 0.739627 1.000000
vt 0.720372 1.000000
vt 0.739668 1.000000
vt 0.720329 1.000000
vt 0.485811 0.205520
vt 0.489464 0.234434
vt 0.447635 0.212292
vt 0.417543 0.218031
vt 0.388160 0.223634
vt 0.359990 0.229006
vt 0.333513 0.234054
vt 0.700011 1.000000
vt 0.700050 1.000000
vt 0.719883 1.000000
vt 0.700118 1.000000
vt 0.719777 1.000000
vt 0.700225 1.000000
vt 0.719624 1.000000
vt 0.700378 1.000000
vt 0.719664 1.000000
vt 0.700339 1.000000
vt 0.478380 0.176330
vt 0.485623 0.204538
vt 0.441360 0.187838
vt 0.412221 0.197308
vt 0.383776 0.206556
vt 0.356503 0.215422
vt 0.330866 0.223755
vt 0.680011 1.000000
vt 0.680049 1.000000
vt 0.699884 1.000000
vt 0.680116 1.000000
vt 0.699780 1.000000
vt 0.680221 1.000000
vt 0.699631 1.000000
vt 0.680372 1.000000
vt 0.699675 1.000000
vt 0.680328 1.000000
vt 0.467341 0.148273
vt 0.478073 0.175380
vt 0.432050 0.164326
vt 0.404333 0.177369
vt 0.377265 0.190104
vt 0.351315 0.202314
vt 0.326926 0.213788
vt 0.660012 1.000000
vt 0.660049 1.000000
vt 0.679882 1.000000
vt 0.660117 1.000000
vt 0.679776 1.000000
vt 0.660223 1.000000
vt 0.679624 1.000000
vt 0.660375 1.000000
vt 0.679664 1.000000
vt 0.660332 1.000000
vt 0.452880 0.121840
vt 0.466915 0.147370
vt 0.419880 0.142193
vt 0.394015 0.158609
vt 0.368759 0.174637
vt 0.344546 0.190005
vt 0.321791 0.204449
vt 0.640013 1.000000
vt 0.640050 1.000000
vt 0.659883 1.000000
vt 0.640118 1.000000
vt 0.659778 1.000000
vt 0.640224 1.000000
vt 0.659628 1.000000
vt 0.640375 1.000000
vt 0.659670 1.000000
vt 0.640333 1.000000
vt 0.435217 0.097423
vt 0.452345 0.120998
vt 0.405026 0.121752
vt 0.381422 0.141280
vt 0.358374 0.160348
vt 0.336276 0.178629
vt 0.315510 0.195809
vt 0.620012 1.000000
vt 0.620049 1.000000
vt 0.639883 1.000000
vt 0.620117 1.000000
vt 0.639778 1.000000
vt 0.620223 1.000000
vt 0.639627 1.000000
vt 0.620376 1.000000
vt 0.639669 1.000000
vt 0.620335 1.000000
vt 0.414638 0.075414
vt 0.434581 0.096654
vt 0.387734 0.103334
vt 0.366764 0.125667
vt 0.346287 0.147474
vt 0.326655 0.168381
vt 0.308208 0.188029
vt 0.600013 1.000000
vt 0.600048 1.000000
vt 0.619882 1.000000
vt 0.600117 1.000000
vt 0.619778 1.000000
vt 0.600220 1.000000
vt 0.619628 1.000000
vt 0.600371 1.000000
vt 0.619670 1.000000
vt 0.600327 1.000000
vt 0.391450 0.056151
vt 0.413909 0.074731
vt 0.368253 0.087220
vt 0.350245 0.112004
vt 0.332660 0.136203
vt 0.315803 0.159402
vt 0.299959 0.181206
vt 0.580012 1.000000
vt 0.580050 1.000000
vt 0.599882 1.000000
vt 0.580116 1.000000
vt 0.599777 1.000000
vt 0.580224 1.000000
vt 0.599625 1.000000
vt 0.580375 1.000000
vt 0.599666 1.000000
vt 0.580334 1.000000
vt 0.366043 0.039954
vt 0.390642 0.055565
vt 0.346931 0.073685
vt 0.332171 0.100533
vt 0.317762 0.126746
vt 0.303944 0.151877
vt 0.290960 0.175496
vt 0.560012 1.000000
vt 0.579951 1.000000
vt 0.560050 1.000000
vt 0.579883 1.000000
vt 0.560116 1.000000
vt 0.579777 1.000000
vt 0.560223 1.000000
vt 0.579626 1.000000
vt 0.560374 1.000000
vt 0.579667 1.000000
vt 0.560331 1.000000
vt 0.338803 0.027067
vt 0.365168 0.039473
vt 0.324069 0.062928
vt 0.312792 0.091413
vt 0.301781 0.119226
vt 0.291222 0.145891
vt 0.281304 0.170951
vt 0.540011 1.000000
vt 0.559952 1.000000
vt 0.540049 1.000000
vt 0.559883 1.000000
vt 0.540116 1.000000
vt 0.559775 1.000000
vt 0.540221 1.000000
vt 0.559626 1.000000
vt 0.540374 1.000000
vt 0.559667 1.000000
vt 0.540331 1.000000
vt 0.310161 0.017694
vt 0.337875 0.026699
vt 0.300035 0.055119
vt 0.292417 0.084793
vt 0.284977 0.113767
vt 0.277848 0.141544
vt 0.271145 0.167650
vt 0.520014 1.000000
vt 0.520050 1.000000
vt 0.539883 1.000000
vt 0.520118 1.000000
vt 0.539779 1.000000
vt 0.520223 1.000000
vt 0.539628 1.000000
vt 0.520374 1.000000
vt 0.539667 1.000000
vt 0.520331 1.000000
vt 0.280569 0.011986
vt 0.309193 0.017446
vt 0.275215 0.050386
vt 0.271377 0.080780
vt 0.267628 0.110458
vt 0.264034 0.138910
vt 0.260658 0.165651
vt 0.500012 1.000000
vt 0.519952 1.000000
vt 0.500048 1.000000
vt 0.519883 1.000000
vt 0.500116 1.000000
vt 0.519779 1.000000
vt 0.500224 1.000000
vt 0.519629 1.000000
vt 0.500376 1.000000
vt 0.519667 1.000000
vt 0.500334 1.000000
vt 0.250497 0.010031
vt 0.279578 0.011861
vt 0.249998 0.048799
vt 0.249998 0.079435
vt 0.249998 0.109348
vt 0.249998 0.138026
vt 0.249998 0.164980
vt 0.480012 1.000000
vt 0.480048 1.000000
vt 0.499883 1.000000
vt 0.480118 1.000000
vt 0.499779 1.000000
vt 0.480224 1.000000
vt 0.499626 1.000000
vt 0.480374 1.000000
vt 0.499667 1.000000
vt 0.480334 1.000000
vt 0.220418 0.011861
vt 0.249502 0.010031
vt 0.224786 0.050385
vt 0.228624 0.080780
vt 0.232373 0.110457
vt 0.235971 0.138909
vt 0.239347 0.165650
vt 0.460012 1.000000
vt 0.479950 1.000000
vt 0.460050 1.000000
vt 0.479881 1.000000
vt 0.460118 1.000000
vt 0.479777 1.000000
vt 0.460223 1.000000
vt 0.479623 1.000000
vt 0.460373 1.000000
vt 0.479667 1.000000
vt 0.460333 1.000000
vt 0.190807 0.017446
vt 0.219427 0.011987
vt 0.199961 0.055120
vt 0.207583 0.084794
vt 0.215019 0.113766
vt 0.222152 0.141544
vt 0.228855 0.167651
vt 0.440011 1.000000
vt 0.459952 1.000000
vt 0.440051 1.000000
vt 0.459883 1.000000
vt 0.440119 1.000000
vt 0.459777 1.000000
vt 0.440221 1.000000
vt 0.459628 1.000000
vt 0.440371 1.000000
vt 0.459667 1.000000
vt 0.440331 1.000000
vt 0.162125 0.026699
vt 0.189839 0.017694
vt 0.175931 0.062929
vt 0.187209 0.091414
vt 0.198220 0.119226
vt 0.208778 0.145891
vt 0.218701 0.170952
vt 0.420012 1.000000
vt 0.439952 1.000000
vt 0.420050 1.000000
vt 0.439885 1.000000
vt 0.420116 1.000000
vt 0.439777 1.000000
vt 0.420224 1.000000
vt 0.439626 1.000000
vt 0.420376 1.000000
vt 0.439667 1.000000
vt 0.420331 1.000000
vt 0.134832 0.039473
vt 0.161197 0.027067
vt 0.153069 0.073683
vt 0.167829 0.100530
vt 0.182238 0.126743
vt 0.196057 0.151873
vt 0.209044 0.175492
vt 0.400012 1.000000
vt 0.419952 1.000000
vt 0.400048 1.000000
vt 0.419882 1.000000
vt 0.400117 1.000000
vt 0.419777 1.000000
vt 0.400221 1.000000
vt 0.419627 1.000000
vt 0.400372 1.000000
vt 0.419669 1.000000
vt 0.400328 1.000000
vt 0.109349 0.055571
vt 0.133957 0.039954
vt 0.131731 0.087228
vt 0.149738 0.112013
vt 0.167323 0.136214
vt 0.184175 0.159416
vt 0.200019 0.181222
vt 0.380012 1.000000
vt 0.380048 1.000000
vt 0.399884 1.000000
vt 0.380117 1.000000
vt 0.399777 1.000000
vt 0.380225 1.000000
vt 0.399627 1.000000
vt 0.380375 1.000000
vt 0.399666 1.000000
vt 0.380333 1.000000
vt 0.086096 0.074727
vt 0.108541 0.056158
vt 0.112271 0.103327
vt 0.133245 0.125658
vt 0.153722 0.147462
vt 0.173359 0.168366
vt 0.191810 0.188013
vt 0.360011 1.000000
vt 0.360050 1.000000
vt 0.379884 1.000000
vt 0.360116 1.000000
vt 0.379780 1.000000
vt 0.360223 1.000000
vt 0.379629 1.000000
vt 0.360373 1.000000
vt 0.379670 1.000000
vt 0.360331 1.000000
vt 0.065419 0.096654
vt 0.085367 0.075410
vt 0.094970 0.121748
vt 0.118574 0.141275
vt 0.141627 0.160342
vt 0.163725 0.178623
vt 0.184490 0.195803
vt 0.340012 1.000000
vt 0.359953 1.000000
vt 0.340050 1.000000
vt 0.359884 1.000000
vt 0.340117 1.000000
vt 0.359780 1.000000
vt 0.340223 1.000000
vt 0.359628 1.000000
vt 0.340374 1.000000
vt 0.359670 1.000000
vt 0.340331 1.000000
vt 0.047653 0.120999
vt 0.064783 0.097423
vt 0.080120 0.142197
vt 0.105990 0.158613
vt 0.131242 0.174641
vt 0.155458 0.190009
vt 0.178214 0.204452
vt 0.320012 1.000000
vt 0.339952 1.000000
vt 0.320050 1.000000
vt 0.339883 1.000000
vt 0.320118 1.000000
vt 0.339778 1.000000
vt 0.320223 1.000000
vt 0.339626 1.000000
vt 0.320375 1.000000
vt 0.339666 1.000000
vt 0.320335 1.000000
vt 0.033085 0.147371
vt 0.047118 0.121844
vt 0.067950 0.164328
vt 0.095671 0.177371
vt 0.122740 0.190105
vt 0.148689 0.202315
vt 0.173079 0.213789
vt 0.300012 1.000000
vt 0.319952 1.000000
vt 0.300049 1.000000
vt 0.319885 1.000000
vt 0.300117 1.000000
vt 0.319779 1.000000
vt 0.300222 1.000000
vt 0.319628 1.000000
vt 0.300373 1.000000
vt 0.319672 1.000000
vt 0.300331 1.000000
vt 0.021930 0.175372
vt 0.032659 0.148274
vt 0.058649 0.187828
vt 0.087783 0.197295
vt 0.116237 0.206539
vt 0.143510 0.215401
vt 0.169144 0.223731
vt 0.280011 1.000000
vt 0.280049 1.000000
vt 0.299883 1.000000
vt 0.280117 1.000000
vt 0.299778 1.000000
vt 0.280222 1.000000
vt 0.299626 1.000000
vt 0.280373 1.000000
vt 0.299667 1.000000
vt 0.280329 1.000000
vt 0.014374 0.204549
vt 0.021622 0.176322
vt 0.052363 0.212303
vt 0.082457 0.218045
vt 0.111835 0.223651
vt 0.140005 0.229026
vt 0.166483 0.234078
vt 0.260012 1.000000
vt 0.260049 1.000000
vt 0.279883 1.000000
vt 0.260117 1.000000
vt 0.279777 1.000000
vt 0.260223 1.000000
vt 0.279625 1.000000
vt 0.260374 1.000000
vt 0.279666 1.000000
vt 0.260332 1.000000
vt 0.010536 0.234434
vt 0.014188 0.205528
vt 0.049201 0.237368
vt 0.079774 0.239292
vt 0.109628 0.241171
vt 0.138251 0.242972
vt 0.165150 0.244665
vt 0.240012 1.000000
vt 0.240049 1.000000
vt 0.259883 1.000000
vt 0.240117 1.000000
vt 0.259777 1.000000
vt 0.240223 1.000000
vt 0.259626 1.000000
vt 0.240374 1.000000
vt 0.259668 1.000000
vt 0.240333 1.000000
vt 0.010474 0.264568
vt 0.010474 0.235432
vt 0.049201 0.262632
vt 0.079774 0.260708
vt 0.109628 0.258829
vt 0.138251 0.257028
vt 0.165150 0.255335
vt 0.220012 1.000000
vt 0.220049 1.000000
vt 0.239884 1.000000
vt 0.220118 1.000000
vt 0.239778 1.000000
vt 0.220223 1.000000
vt 0.239627 1.000000
vt 0.220375 1.000000
vt 0.239669 1.000000
vt 0.220334 1.000000
vt 0.014188 0.294472
vt 0.010536 0.265566
vt 0.052363 0.287697
vt 0.082457 0.281955
vt 0.111835 0.276349
vt 0.140005 0.270974
vt 0.166483 0.265922
vt 0.200012 1.000000
vt 0.200049 1.000000
vt 0.219884 1.000000
vt 0.200117 1.000000
vt 0.219778 1.000000
vt 0.200223 1.000000
vt 0.219628 1.000000
vt 0.200374 1.000000
vt 0.219671 1.000000
vt 0.200333 1.000000
vt 0.021622 0.323678
vt 0.014374 0.295451
vt 0.058649 0.312172
vt 0.087783 0.302705
vt 0.116237 0.293461
vt 0.143510 0.284599
vt 0.169144 0.276269
vt 0.180012 1.000000
vt 0.180049 1.000000
vt 0.199884 1.000000
vt 0.180117 1.000000
vt 0.199778 1.000000
vt 0.180223 1.000000
vt 0.199628 1.000000
vt 0.180373 1.000000
vt 0.199670 1.000000
vt 0.180330 1.000000
vt 0.032659 0.351726
vt 0.021930 0.324628
vt 0.067950 0.335672
vt 0.095671 0.322629
vt 0.122740 0.309894
vt 0.148689 0.297684
vt 0.173079 0.286210
vt 0.160012 1.000000
vt 0.160049 1.000000
vt 0.179883 1.000000
vt 0.160118 1.000000
vt 0.179777 1.000000
vt 0.160223 1.000000
vt 0.179626 1.000000
vt 0.160376 1.000000
vt 0.179666 1.000000
vt 0.160335 1.000000
vt 0.047118 0.378156
vt 0.033085 0.352629
vt 0.080120 0.357804
vt 0.105990 0.341388
vt 0.131242 0.325360
vt 0.155458 0.309993
vt 0.178214 0.295550
vt 0.140011 1.000000
vt 0.140049 1.000000
vt 0.159884 1.000000
vt 0.140117 1.000000
vt 0.159778 1.000000
vt 0.140224 1.000000
vt 0.159628 1.000000
vt 0.140373 1.000000
vt 0.159669 1.000000
vt 0.140332 1.000000
vt 0.064783 0.402578
vt 0.047654 0.379001
vt 0.094970 0.378249
vt 0.118574 0.358722
vt 0.141627 0.339654
vt 0.163720 0.321373
vt 0.184490 0.304193
vt 0.120012 1.000000
vt 0.120049 1.000000
vt 0.139884 1.000000
vt 0.120118 1.000000
vt 0.139779 1.000000
vt 0.120221 1.000000
vt 0.139626 1.000000
vt 0.120371 1.000000
vt 0.139669 1.000000
vt 0.120328 1.000000
vt 0.085371 0.424591
vt 0.065419 0.403347
vt 0.112271 0.396674
vt 0.133245 0.374343
vt 0.153722 0.352539
vt 0.173359 0.331635
vt 0.191810 0.311988
vt 0.100012 1.000000
vt 0.100049 1.000000
vt 0.119884 1.000000
vt 0.100117 1.000000
vt 0.119776 1.000000
vt 0.100224 1.000000
vt 0.119625 1.000000
vt 0.100374 1.000000
vt 0.119667 1.000000
vt 0.100336 1.000000
vt 0.108541 0.443842
vt 0.086096 0.425273
vt 0.131731 0.412773
vt 0.149738 0.387987
vt 0.167323 0.363786
vt 0.184179 0.340584
vt 0.200019 0.318778
vt 0.080013 1.000000
vt 0.080048 1.000000
vt 0.099884 1.000000
vt 0.080118 1.000000
vt 0.099779 1.000000
vt 0.080223 1.000000
vt 0.099627 1.000000
vt 0.080374 1.000000
vt 0.099672 1.000000
vt 0.080331 1.000000
vt 0.133957 0.460046
vt 0.109349 0.444429
vt 0.153069 0.426317
vt 0.167829 0.399470
vt 0.182238 0.373257
vt 0.196057 0.348127
vt 0.209044 0.324508
vt 0.060011 1.000000
vt 0.060047 1.000000
vt 0.079885 1.000000
vt 0.060116 1.000000
vt 0.079777 1.000000
vt 0.060222 1.000000
vt 0.079627 1.000000
vt 0.060375 1.000000
vt 0.079667 1.000000
vt 0.060331 1.000000
vt 0.161197 0.472933
vt 0.134832 0.460527
vt 0.175931 0.437071
vt 0.187209 0.408586
vt 0.198220 0.380774
vt 0.208778 0.354109
vt 0.218701 0.329048
vt 0.040013 1.000000
vt 0.040049 1.000000
vt 0.059882 1.000000
vt 0.040118 1.000000
vt 0.059779 1.000000
vt 0.040224 1.000000
vt 0.059630 1.000000
vt 0.040372 1.000000
vt 0.059670 1.000000
vt 0.040333 1.000000
vt 0.189839 0.482306
vt 0.162125 0.473301
vt 0.199961 0.444880
vt 0.207583 0.415206
vt 0.215019 0.386234
vt 0.222152 0.358456
vt 0.228855 0.332349
vt 0.020014 1.000000
vt 0.020051 1.000000
vt 0.039883 1.000000
vt 0.020120 1.000000
vt 0.039777 1.000000
vt 0.020224 1.000000
vt 0.039627 1.000000
vt 0.020377 1.000000
vt 0.039667 1.000000
vt 0.020333 1.000000
vt 0.219427 0.488013
vt 0.190807 0.482554
vt 0.224786 0.449615
vt 0.228624 0.419220
vt 0.232373 0.389543
vt 0.235971 0.361091
vt 0.239347 0.334350
vt 0.000013 1.000000
vt 0.019953 1.000000
vt 0.000050 1.000000
vt 0.019883 1.000000
vt 0.000118 1.000000
vt 0.019777 1.000000
vt 0.000222 1.000000
vt 0.019627 1.000000
vt 0.000375 1.000000
vt 0.019667 1.000000
vt 0.000333 1.000000
vt 0.249502 0.489969
vt 0.220418 0.488139
vt 1.000000 0.860192
vt 0.980000 0.860192
vt 0.960000 0.860192
vt 0.980000 0.883834
vt 1.000000 0.883834
vt 0.940000 0.883834
vt 0.960000 0.883834
vt 0.940000 0.860192
vt 0.920000 0.883834
vt 0.920000 0.860192
vt 0.900000 0.883834
vt 0.900000 0.860191
vt 0.880000 0.883834
vt 0.880000 0.860191
vt 0.860000 0.883834
vt 0.860000 0.860192
vt 0.840000 0.883834
vt 0.840000 0.860192
vt 0.820000 0.883834
vt 0.820000 0.860191
vt 0.800000 0.883834
vt 0.800000 0.860192
vt 0.780000 0.883834
vt 0.780000 0.860191
vt 0.760000 0.883834
vt 0.760000 0.860192
vt 0.740000 0.883834
vt 0.740000 0.860192
vt 0.720000 0.883834
vt 0.720000 0.860192
vt 0.700000 0.883834
vt 0.700000 0.860191
vt 0.680000 0.883834
vt 0.680000 0.860192
vt 0.660000 0.883834
vt 0.660000 0.860192
vt 0.640001 0.883834
vt 0.640000 0.860192
vt 0.620000 0.883834
vt 0.620001 0.860191
vt 0.600000 0.883834
vt 0.600000 0.860191
vt 0.580001 0.883834
vt 0.580001 0.860192
vt 0.560000 0.883834
vt 0.560001 0.860192
vt 0.540001 0.883834
vt 0.540000 0.860191
vt 0.520000 0.883834
vt 0.520000 0.860192
vt 0.500000 0.883834
vt 0.500000 0.860192
vt 0.480001 0.883834
vt 0.480000 0.860192
vt 0.460000 0.883834
vt 0.460000 0.860192
vt 0.440000 0.883834
vt 0.440000 0.860192
vt 0.420001 0.883834
vt 0.420001 0.860192
vt 0.400000 0.883834
vt 0.400000 0.860192
vt 0.380000 0.883834
vt 0.380000 0.860192
vt 0.360000 0.883834
vt 0.360000 0.860192
vt 0.340000 0.883834
vt 0.340000 0.860192
vt 0.320001 0.883834
vt 0.320000 0.860192
vt 0.300000 0.883834
vt 0.300000 0.860192
vt 0.280000 0.883834
vt 0.280000 0.860192
vt 0.260000 0.883834
vt 0.260000 0.860192
vt 0.240000 0.883834
vt 0.240000 0.860193
vt 0.220000 0.883834
vt 0.220000 0.860192
vt 0.200000 0.883834
vt 0.200000 0.860192
vt 0.180000 0.883834
vt 0.180000 0.860192
vt 0.160000 0.883834
vt 0.160000 0.860192
vt 0.140000 0.883834
vt 0.120000 0.883833
vt 0.100001 0.883834
vt 0.080000 0.883834
vt 0.060000 0.883834
vt 0.040000 0.883834
vt 0.020000 0.883834
vt 0.000000 0.883834
vt 0.980000 0.865481
vt 0.999952 0.865481
vt 0.999952 0.878545
vt 0.980000 0.878545
vt 0.960000 0.865481
vt 0.960000 0.878545
vt 0.940000 0.865481
vt 0.940000 0.878545
vt 0.920000 0.865481
vt 0.920000 0.878545
vt 0.900000 0.865481
vt 0.900000 0.878545
vt 0.880000 0.865481
vt 0.880000 0.878545
vt 0.860000 0.865481
vt 0.860000 0.878545
vt 0.840000 0.865481
vt 0.840000 0.878545
vt 0.820000 0.865481
vt 0.820000 0.878545
vt 0.800000 0.865481
vt 0.800000 0.878545
vt 0.780000 0.865481
vt 0.780000 0.878545
vt 0.760000 0.865481
vt 0.760000 0.878545
vt 0.740000 0.865481
vt 0.740000 0.878545
vt 0.720000 0.865481
vt 0.720000 0.878545
vt 0.700000 0.865481
vt 0.700000 0.878545
vt 0.680000 0.865481
vt 0.680000 0.878545
vt 0.660001 0.865481
vt 0.660000 0.878545
vt 0.640001 0.865481
vt 0.640001 0.878545
vt 0.620001 0.865481
vt 0.620001 0.878545
vt 0.600000 0.865481
vt 0.600000 0.878545
vt 0.580001 0.865481
vt 0.580001 0.878545
vt 0.560001 0.865481
vt 0.560001 0.878545
vt 0.540001 0.865481
vt 0.540001 0.878545
vt 0.520000 0.865481
vt 0.520001 0.878545
vt 0.500001 0.865481
vt 0.500001 0.878545
vt 0.480000 0.865481
vt 0.480001 0.878545
vt 0.460001 0.865481
vt 0.460001 0.878545
vt 0.440000 0.865481
vt 0.440001 0.878545
vt 0.420001 0.865481
vt 0.420001 0.878545
vt 0.400001 0.865481
vt 0.400001 0.878545
vt 0.380000 0.865481
vt 0.380000 0.878545
vt 0.360000 0.865482
vt 0.360000 0.878545
vt 0.340000 0.865481
vt 0.340000 0.878544
vt 0.320000 0.865481
vt 0.320000 0.878545
vt 0.300000 0.865481
vt 0.300001 0.878545
vt 0.280000 0.865481
vt 0.280000 0.878545
vt 0.260000 0.865481
vt 0.260000 0.878545
vt 0.240000 0.865481
vt 0.240000 0.878545
vt 0.220000 0.865481
vt 0.220000 0.878545
vt 0.200000 0.865481
vt 0.200000 0.878545
vt 0.180000 0.865481
vt 0.180000 0.878545
vt 0.160000 0.865481
vt 0.160000 0.878545
vt 0.140000 0.878545
vt 0.120000 0.878545
vt 0.100000 0.878545
vt 0.080000 0.878545
vt 0.060000 0.878545
vt 0.040000 0.878545
vt 0.020000 0.878545
vt 0.000047 0.878545
vt 0.547735 0.288584
vt 0.544495 0.262929
vt 0.930242 0.284383
vt 0.933130 0.261522
vt 0.724193 0.045711
vt 0.750000 0.044087
vt 0.955506 0.237071
vt 0.955506 0.262929
vt 0.554166 0.313630
vt 0.775808 0.454288
vt 0.750000 0.455913
vt 0.698792 0.050557
vt 0.952265 0.211416
vt 0.563685 0.337673
vt 0.724193 0.454289
vt 0.674198 0.058548
vt 0.945834 0.186370
vt 0.576143 0.360333
vt 0.801208 0.449443
vt 0.650801 0.069557
vt 0.936315 0.162327
vt 0.591343 0.381254
vt 0.825802 0.441452
vt 0.628968 0.083414
vt 0.923857 0.139666
vt 0.609043 0.400103
vt 0.849199 0.430443
vt 0.609043 0.099896
vt 0.908658 0.118747
vt 0.628968 0.416586
vt 0.871032 0.416587
vt 0.591342 0.118746
vt 0.890957 0.099897
vt 0.650801 0.430443
vt 0.890956 0.400103
vt 0.576143 0.139667
vt 0.871032 0.083414
vt 0.674198 0.441452
vt 0.908658 0.381253
vt 0.563685 0.162327
vt 0.849199 0.069557
vt 0.698792 0.449443
vt 0.923857 0.360333
vt 0.554166 0.186370
vt 0.825802 0.058548
vt 0.936315 0.337673
vt 0.547736 0.211416
vt 0.801208 0.050557
vt 0.945834 0.313630
vt 0.544494 0.237071
vt 0.775808 0.045712
vt 0.952265 0.288584
vt 0.772997 0.432045
vt 0.750000 0.433493
vt 0.795633 0.427727
vt 0.817548 0.420607
vt 0.838398 0.410795
vt 0.857853 0.398448
vt 0.875609 0.383760
vt 0.891383 0.366962
vt 0.904927 0.348320
vt 0.916028 0.328128
vt 0.924511 0.306702
vt 0.933129 0.238478
vt 0.930242 0.215617
vt 0.924511 0.193298
vt 0.916028 0.171872
vt 0.904928 0.151680
vt 0.891383 0.133038
vt 0.875608 0.116240
vt 0.857853 0.101552
vt 0.838398 0.089205
vt 0.817548 0.079394
vt 0.795633 0.072273
vt 0.772997 0.067955
vt 0.750000 0.066507
vt 0.727004 0.067955
vt 0.704367 0.072274
vt 0.682451 0.079394
vt 0.661602 0.089204
vt 0.642147 0.101552
vt 0.624391 0.116241
vt 0.608617 0.133037
vt 0.595073 0.151680
vt 0.583971 0.171874
vt 0.575488 0.193298
vt 0.569758 0.215617
vt 0.566871 0.238478
vt 0.566871 0.261522
vt 0.569758 0.284383
vt 0.575488 0.306702
vt 0.583971 0.328126
vt 0.595073 0.348320
vt 0.608617 0.366963
vt 0.624391 0.383760
vt 0.642147 0.398448
vt 0.661602 0.410796
vt 0.682451 0.420606
vt 0.704367 0.427726
vt 0.727004 0.432045
vt 0.375000 0.166667
vt 0.625000 0.166667
vt 0.625000 0.250000
vt 0.375000 0.250000
vt 0.375000 0.416667
vt 0.625000 0.416667
vt 0.625000 0.500000
vt 0.375000 0.500000
vt 0.375000 0.666667
vt 0.625000 0.666667
vt 0.625000 0.750000
vt 0.375000 0.750000
vt 0.375000 0.916667
vt 0.625000 0.916667
vt 0.625000 1.000000
vt 0.375000 1.000000
vt 0.291667 0.666667
vt 0.291667 0.750000
vt 0.875000 0.666667
vt 0.791667 0.666667
vt 0.875000 0.583333
vt 0.791667 0.583333
vt 0.291667 0.500000
vt 0.375000 0.583333
vt 0.291667 0.583333
vt 0.625000 0.583333
vt 0.375000 0.000000
vt 0.625000 0.000000
vt 0.625000 0.083333
vt 0.375000 0.083333
vt 0.125000 0.583333
vt 0.208333 0.583333
vt 0.208333 0.666667
vt 0.125000 0.666667
vt 0.125000 0.500000
vt 0.208333 0.500000
vt 0.708333 0.583333
vt 0.708333 0.666667
vt 0.791667 0.750000
vt 0.708333 0.500000
vt 0.791667 0.500000
vt 0.708333 0.750000
vt 0.208333 0.750000
vt 0.125000 0.750000
vt 0.625000 0.833333
vt 0.375000 0.833333
vt 0.625000 0.333333
vt 0.375000 0.333333
vn 0.4818 0.6196 -0.6196
vn 0.5878 0.5721 -0.5721
vn 0.5864 0.6201 -0.5212
vn 0.4806 0.6676 -0.5687
vn 0.0000 -0.7071 -0.7071
vn -0.6845 -0.5155 0.5155
vn -0.7705 -0.4507 0.4507
vn -0.7686 -0.4002 0.4991
vn -0.6829 -0.4648 0.5637
vn 0.7705 -0.4507 0.4507
vn 0.6845 -0.5155 0.5155
vn 0.6829 -0.4648 0.5636
vn 0.7686 -0.4002 0.4991
vn -0.5878 0.5721 -0.5721
vn -0.4818 0.6196 -0.6196
vn -0.4806 0.6676 -0.5687
vn -0.5863 0.6201 -0.5212
vn 0.6845 0.5155 -0.5155
vn 0.6829 0.5636 -0.4647
vn -0.8443 -0.3789 0.3789
vn -0.8423 -0.3285 0.4274
vn 0.5878 -0.5721 0.5721
vn 0.5864 -0.5212 0.6201
vn -0.3681 0.6575 -0.6574
vn -0.3672 0.7053 -0.6064
vn 0.7705 0.4507 -0.4507
vn 0.7686 0.4991 -0.4002
vn -0.9048 -0.3011 0.3011
vn -0.9026 -0.2509 0.3498
vn 0.4818 -0.6196 0.6196
vn 0.4806 -0.5687 0.6676
vn -0.2487 0.6849 -0.6849
vn -0.2481 0.7327 -0.6338
vn 0.8443 0.3789 -0.3789
vn 0.8423 0.4274 -0.3285
vn -0.9510 -0.2185 0.2185
vn -0.9487 -0.1685 0.2674
vn 0.3681 -0.6575 0.6575
vn 0.3672 -0.6064 0.7053
vn -0.1253 0.7015 -0.7015
vn -0.1250 0.7493 -0.6504
vn 0.9048 0.3011 -0.3011
vn 0.9026 0.3498 -0.2509
vn -0.9823 -0.1325 0.1325
vn -0.9799 -0.0827 0.1816
vn 0.2487 -0.6849 0.6849
vn 0.2481 -0.6338 0.7327
vn 0.9511 0.2185 -0.2185
vn 0.9487 0.2674 -0.1685
vn -0.9980 -0.0443 0.0443
vn -0.9956 0.0052 0.0937
vn 0.1254 -0.7015 0.7015
vn 0.1250 -0.6504 0.7493
vn 0.9823 0.1325 -0.1325
vn 0.9799 0.1816 -0.0827
vn -0.9980 0.0443 -0.0443
vn -0.9956 0.0937 0.0052
vn 0.0000 -0.7071 0.7071
vn 0.0000 -0.6559 0.7548
vn 0.9980 0.0444 -0.0444
vn 0.9956 0.0937 0.0052
vn -0.9823 0.1325 -0.1325
vn -0.9799 0.1816 -0.0827
vn -0.1253 -0.7015 0.7015
vn -0.1250 -0.6504 0.7493
vn 0.9980 -0.0444 0.0444
vn 0.9956 0.0052 0.0937
vn -0.9510 0.2185 -0.2185
vn -0.9487 0.2674 -0.1685
vn 0.0000 0.7071 -0.7071
vn 0.1253 0.7015 -0.7015
vn 0.1250 0.7493 -0.6504
vn 0.0000 0.7548 -0.6559
vn -0.2487 -0.6849 0.6849
vn -0.2481 -0.6338 0.7327
vn 0.9823 -0.1325 0.1325
vn 0.9799 -0.0827 0.1816
vn -0.9048 0.3011 -0.3011
vn -0.9026 0.3498 -0.2509
vn -0.3681 -0.6574 0.6575
vn -0.3672 -0.6064 0.7053
vn 0.9511 -0.2185 0.2185
vn 0.9487 -0.1685 0.2674
vn -0.8443 0.3789 -0.3789
vn -0.8422 0.4274 -0.3285
vn 0.2487 0.6849 -0.6849
vn 0.2481 0.7327 -0.6338
vn -0.4818 -0.6196 0.6196
vn -0.4806 -0.5687 0.6676
vn 0.9048 -0.3011 0.3011
vn 0.9026 -0.2509 0.3498
vn -0.7705 0.4507 -0.4507
vn -0.7686 0.4991 -0.4002
vn 0.3681 0.6575 -0.6575
vn 0.3672 0.7053 -0.6064
vn -0.5878 -0.5721 0.5721
vn -0.5863 -0.5212 0.6201
vn 0.8443 -0.3789 0.3789
vn 0.8423 -0.3285 0.4274
vn -0.6846 0.5154 -0.5154
vn -0.6829 0.5636 -0.4647
vn -0.1252 0.6658 -0.7356
vn 0.0000 0.6714 -0.7411
vn -0.2484 0.6492 -0.7189
vn -0.3681 0.6575 -0.6575
vn -0.3677 0.6218 -0.6915
vn -0.4812 0.5840 -0.6538
vn -0.5871 0.5365 -0.6062
vn -0.6837 0.4799 -0.5497
vn -0.7696 0.4153 -0.4851
vn -0.8433 0.3435 -0.4133
vn -0.9037 0.2658 -0.3356
vn -0.9511 0.2185 -0.2185
vn -0.9499 0.1834 -0.2531
vn -0.9811 0.0974 -0.1672
vn -0.9980 0.0444 -0.0444
vn -0.9968 0.0094 -0.0792
vn -0.9980 -0.0444 0.0444
vn -0.9968 -0.0792 0.0094
vn -0.9811 -0.1672 0.0974
vn -0.9511 -0.2185 0.2185
vn -0.9499 -0.2531 0.1834
vn -0.9037 -0.3356 0.2658
vn -0.8433 -0.4133 0.3435
vn -0.7696 -0.4851 0.4153
vn -0.6846 -0.5154 0.5154
vn -0.6837 -0.5497 0.4799
vn -0.5871 -0.6062 0.5365
vn -0.4812 -0.6538 0.5840
vn -0.3681 -0.6575 0.6575
vn -0.3677 -0.6915 0.6218
vn -0.2484 -0.7189 0.6492
vn -0.1252 -0.7356 0.6658
vn 0.0000 -0.7411 0.6714
vn 0.1253 -0.7015 0.7015
vn 0.1252 -0.7356 0.6658
vn 0.2484 -0.7189 0.6492
vn 0.3681 -0.6574 0.6574
vn 0.3677 -0.6915 0.6218
vn 0.4812 -0.6538 0.5840
vn 0.5871 -0.6062 0.5365
vn 0.6837 -0.5497 0.4800
vn 0.7696 -0.4851 0.4153
vn 0.8433 -0.4133 0.3435
vn 0.9037 -0.3356 0.2658
vn 0.9499 -0.2531 0.1834
vn 0.9811 -0.1672 0.0975
vn 0.9968 -0.0792 0.0095
vn 0.9968 0.0095 -0.0792
vn 0.9811 0.0975 -0.1672
vn 0.9499 0.1834 -0.2531
vn 0.9037 0.2658 -0.3356
vn 0.8433 0.3435 -0.4133
vn 0.7696 0.4153 -0.4851
vn 0.6837 0.4799 -0.5497
vn 0.5871 0.5365 -0.6062
vn 0.4812 0.5840 -0.6538
vn 0.3681 0.6574 -0.6574
vn 0.3677 0.6218 -0.6915
vn 0.0000 0.7411 -0.6714
vn 0.1252 0.7356 -0.6658
vn 0.2484 0.6492 -0.7189
vn 0.2484 0.7189 -0.6492
vn 0.1252 0.6658 -0.7356
vn 0.3681 0.6575 -0.6574
vn 0.3677 0.6915 -0.6218
vn 0.4812 0.6538 -0.5840
vn 0.5871 0.6062 -0.5365
vn 0.6837 0.5497 -0.4799
vn 0.7696 0.4851 -0.4153
vn 0.8433 0.4133 -0.3435
vn 0.9037 0.3356 -0.2658
vn 0.9499 0.2531 -0.1834
vn 0.9811 0.1672 -0.0975
vn 0.9978 0.0590 -0.0299
vn 0.9976 0.0648 -0.0240
vn 0.9976 -0.0240 0.0648
vn 0.9978 -0.0299 0.0590
vn 0.9811 -0.0975 0.1672
vn 0.9499 -0.1834 0.2531
vn 0.9037 -0.2658 0.3356
vn 0.8433 -0.3435 0.4133
vn 0.7696 -0.4153 0.4851
vn 0.6837 -0.4799 0.5497
vn 0.5871 -0.5365 0.6062
vn 0.4812 -0.5840 0.6538
vn 0.3677 -0.6218 0.6915
vn 0.2484 -0.6492 0.7189
vn 0.1252 -0.6658 0.7356
vn 0.0000 -0.6714 0.7411
vn -0.1252 -0.6658 0.7356
vn -0.2484 -0.6492 0.7189
vn -0.3677 -0.6218 0.6915
vn -0.4812 -0.5840 0.6538
vn -0.5871 -0.5365 0.6062
vn -0.6837 -0.4799 0.5497
vn -0.7696 -0.4153 0.4851
vn -0.8433 -0.3435 0.4133
vn -0.9037 -0.2658 0.3356
vn -0.9499 -0.1834 0.2531
vn -0.9811 -0.0974 0.1672
vn -0.9978 -0.0280 0.0609
vn -0.9977 -0.0259 0.0629
vn -0.9977 0.0629 -0.0259
vn -0.9978 0.0609 -0.0280
vn -0.9811 0.1672 -0.0974
vn -0.9499 0.2531 -0.1834
vn -0.9037 0.3356 -0.2658
vn -0.8433 0.4133 -0.3435
vn -0.7696 0.4851 -0.4153
vn -0.6837 0.5497 -0.4799
vn -0.5871 0.6062 -0.5365
vn -0.4812 0.6538 -0.5840
vn -0.3677 0.6915 -0.6218
vn -0.2484 0.7189 -0.6492
vn -0.1252 0.7356 -0.6658
vn -0.6825 0.4590 -0.5688
vn -0.7682 0.3945 -0.5042
vn -0.7702 0.4304 -0.4707
vn -0.6843 0.4951 -0.5354
vn -0.5860 0.5155 -0.6252
vn -0.5875 0.5517 -0.5920
vn -0.4803 0.5629 -0.6726
vn -0.4816 0.5993 -0.6395
vn -0.3670 0.6006 -0.7103
vn -0.3680 0.6371 -0.6773
vn -0.2479 0.6279 -0.7377
vn -0.2486 0.6645 -0.7047
vn -0.1250 0.6445 -0.7543
vn -0.1253 0.6811 -0.7214
vn 0.0000 0.6501 -0.7599
vn 0.0000 0.6867 -0.7269
vn -0.9989 -0.0329 -0.0329
vn -0.9989 0.0329 0.0329
vn 0.9992 -0.0290 -0.0290
vn 0.9992 0.0290 0.0290
vn -0.0000 0.7430 -0.6693
vn 0.1252 0.7374 -0.6638
vn 0.2484 0.7208 -0.6471
vn 0.3676 0.6934 -0.6197
vn 0.4811 0.6556 -0.5820
vn 0.5870 0.6081 -0.5345
vn 0.6836 0.5516 -0.4779
vn 0.7695 0.4869 -0.4133
vn 0.8432 0.4152 -0.3415
vn 0.9036 0.3375 -0.2638
vn 0.9498 0.2550 -0.1814
vn 0.9810 0.1691 -0.0955
vn 0.9967 0.0812 -0.0075
vn 0.9967 -0.0075 0.0812
vn 0.9810 -0.0955 0.1691
vn 0.9498 -0.1814 0.2550
vn 0.9036 -0.2638 0.3375
vn 0.8432 -0.3415 0.4152
vn 0.7695 -0.4133 0.4869
vn 0.6836 -0.4779 0.5516
vn 0.5870 -0.5345 0.6081
vn 0.4811 -0.5820 0.6556
vn 0.3676 -0.6197 0.6934
vn 0.2483 -0.6471 0.7208
vn 0.1252 -0.6638 0.7374
vn -0.0000 -0.6693 0.7430
vn -0.1252 -0.6638 0.7374
vn -0.2483 -0.6471 0.7208
vn -0.3676 -0.6197 0.6934
vn -0.4811 -0.5820 0.6556
vn -0.5870 -0.5345 0.6081
vn -0.6836 -0.4779 0.5516
vn -0.7695 -0.4133 0.4869
vn -0.8432 -0.3416 0.4152
vn -0.9036 -0.2639 0.3375
vn -0.9498 -0.1814 0.2550
vn -0.9810 -0.0955 0.1691
vn -0.9967 -0.0075 0.0812
vn -0.9967 0.0812 -0.0075
vn -0.9810 0.1691 -0.0955
vn -0.9498 0.2550 -0.1814
vn -0.9036 0.3375 -0.2639
vn -0.8432 0.4152 -0.3416
vn -0.7695 0.4869 -0.4133
vn -0.6836 0.5516 -0.4779
vn -0.5870 0.6081 -0.5345
vn -0.4811 0.6556 -0.5820
vn -0.3676 0.6934 -0.6197
vn -0.2483 0.7208 -0.6471
vn 0.4789 0.6925 -0.5395
vn 0.5843 0.6452 -0.4922
vn -0.1252 0.7374 -0.6638
vn 0.1246 0.7739 -0.6209
vn 0.2472 0.7574 -0.6044
vn 0.9922 0.0323 0.1206
vn 0.9765 -0.0552 0.2082
vn 0.3660 -0.5771 0.7301
vn 0.2472 -0.6044 0.7574
vn -0.6805 -0.4359 0.5889
vn -0.7660 -0.3716 0.5246
vn -0.9455 0.2937 -0.1407
vn -0.8995 0.3758 -0.2228
vn 0.8995 0.3758 -0.2228
vn 0.9455 0.2937 -0.1407
vn 0.7660 -0.3716 0.5246
vn 0.6805 -0.4359 0.5889
vn -0.2472 -0.6044 0.7574
vn -0.3659 -0.5771 0.7301
vn -0.9765 -0.0552 0.2082
vn -0.9922 0.0324 0.1206
vn -0.5844 0.6452 -0.4922
vn -0.4789 0.6925 -0.5395
vn 0.6805 0.5889 -0.4359
vn 0.9455 -0.1407 0.2937
vn 0.1246 -0.6209 0.7739
vn 0.0300 0.8546 0.5185
vn 0.0000 0.8558 0.5172
vn -0.0300 0.8545 0.5185
vn -0.0596 0.8506 0.5225
vn -0.0882 0.8440 0.5290
vn -0.1153 0.8349 0.5382
vn -0.1407 0.8236 0.5495
vn -0.1639 0.8100 0.5631
vn -0.1846 0.7945 0.5785
vn -0.2023 0.7772 0.5958
vn -0.2166 0.7586 0.6145
vn -0.2278 0.7389 0.6341
vn -0.2352 0.7183 0.6548
vn -0.2390 0.6972 0.6759
vn -0.2389 0.6759 0.6972
vn -0.2352 0.6548 0.7183
vn -0.2278 0.6341 0.7389
vn -0.2166 0.6145 0.7586
vn -0.2023 0.5958 0.7772
vn -0.1845 0.5786 0.7945
vn -0.1639 0.5631 0.8100
vn -0.1407 0.5495 0.8236
vn -0.1153 0.5382 0.8349
vn -0.0882 0.5290 0.8440
vn -0.0596 0.5225 0.8505
vn -0.0300 0.5186 0.8545
vn 0.0002 0.5171 0.8559
vn 0.0300 0.5185 0.8546
vn 0.0596 0.5225 0.8506
vn 0.0882 0.5290 0.8440
vn 0.1152 0.5380 0.8350
vn 0.1409 0.5496 0.8234
vn 0.1641 0.5630 0.8100
vn 0.1845 0.5785 0.7945
vn 0.2022 0.5958 0.7773
vn 0.2166 0.6145 0.7586
vn 0.2279 0.6343 0.7387
vn 0.2354 0.6547 0.7183
vn 0.2391 0.6758 0.6972
vn 0.2391 0.6972 0.6759
vn 0.2353 0.7182 0.6548
vn 0.2278 0.7389 0.6341
vn 0.2167 0.7586 0.6144
vn 0.2022 0.7773 0.5958
vn 0.1845 0.7946 0.5785
vn 0.1641 0.8100 0.5630
vn 0.1410 0.8234 0.5496
vn 0.1152 0.8350 0.5380
vn 0.0882 0.8441 0.5289
vn 0.0597 0.8505 0.5225
vn -0.8394 -0.3002 0.4532
vn -0.8394 0.4532 -0.3002
vn 0.3660 0.7301 -0.5771
vn 0.9765 0.2082 -0.0552
vn 0.5843 -0.4922 0.6452
vn -0.4789 -0.5395 0.6925
vn -0.9922 0.1206 0.0324
vn -0.3659 0.7301 -0.5771
vn 0.7660 0.5246 -0.3716
vn 0.8995 -0.2228 0.3758
vn -0.0000 -0.6265 0.7795
vn -0.8995 -0.2228 0.3758
vn -0.7660 0.5246 -0.3716
vn -0.1246 0.7739 -0.6209
vn -0.0000 0.7795 -0.6265
vn 0.9922 0.1206 0.0323
vn 0.4789 -0.5395 0.6925
vn -0.5844 -0.4922 0.6452
vn -0.9765 0.2082 -0.0552
vn -0.2472 0.7574 -0.6044
vn 0.8394 0.4532 -0.3002
vn 0.8394 -0.3002 0.4532
vn -0.1246 -0.6209 0.7739
vn -0.9455 -0.1407 0.2937
vn -0.6805 0.5889 -0.4359
vn -0.0000 0.7870 -0.6170
vn 0.1244 0.7814 -0.6114
vn 0.0000 0.7971 -0.6038
vn 0.1242 0.7916 -0.5983
vn 0.0000 0.8077 -0.5896
vn 0.1238 0.8022 -0.5841
vn 0.0000 0.8192 -0.5735
vn 0.1234 0.8137 -0.5680
vn 0.0000 0.8321 -0.5546
vn 0.1229 0.8266 -0.5492
vn 0.0000 0.8472 -0.5313
vn 0.1222 0.8417 -0.5259
vn 0.0000 0.8657 -0.5006
vn 0.1211 0.8603 -0.4952
vn 0.0000 0.8897 -0.4566
vn 0.1193 0.8844 -0.4513
vn -0.0000 0.9225 -0.3861
vn 0.1160 0.9173 -0.3809
vn -0.0000 0.9678 -0.2517
vn 0.1081 0.9630 -0.2469
vn -0.0000 0.9973 0.0737
vn 0.0819 0.9936 0.0773
vn 0.2469 0.7649 -0.5949
vn 0.2463 0.7751 -0.5818
vn 0.2457 0.7858 -0.5676
vn 0.2449 0.7973 -0.5516
vn 0.2439 0.8103 -0.5329
vn 0.2424 0.8255 -0.5097
vn 0.2402 0.8442 -0.4791
vn 0.2368 0.8685 -0.4354
vn 0.2302 0.9019 -0.3655
vn 0.2146 0.9486 -0.2325
vn 0.1626 0.9827 0.0883
vn 0.3655 0.7377 -0.5677
vn 0.3647 0.7479 -0.5546
vn 0.3637 0.7587 -0.5405
vn 0.3625 0.7703 -0.5246
vn 0.3610 0.7834 -0.5059
vn 0.3588 0.7988 -0.4829
vn 0.3556 0.8177 -0.4526
vn 0.3505 0.8424 -0.4093
vn 0.3407 0.8765 -0.3401
vn 0.3175 0.9250 -0.2088
vn 0.2404 0.9649 0.1059
vn 0.4782 0.7001 -0.5302
vn 0.4772 0.7105 -0.5172
vn 0.4760 0.7213 -0.5031
vn 0.4744 0.7330 -0.4874
vn 0.4724 0.7463 -0.4689
vn 0.4696 0.7619 -0.4461
vn 0.4655 0.7812 -0.4161
vn 0.4586 0.8064 -0.3733
vn 0.4457 0.8415 -0.3052
vn 0.4153 0.8924 -0.1763
vn 0.3144 0.9403 0.1308
vn 0.5835 0.6529 -0.4829
vn 0.5823 0.6633 -0.4700
vn 0.5808 0.6743 -0.4561
vn 0.5789 0.6862 -0.4405
vn 0.5764 0.6996 -0.4222
vn 0.5730 0.7155 -0.3997
vn 0.5679 0.7352 -0.3701
vn 0.5596 0.7611 -0.3280
vn 0.5439 0.7975 -0.2611
vn 0.5070 0.8513 -0.1352
vn 0.3841 0.9089 0.1621
vn 0.6796 0.5967 -0.4267
vn 0.6781 0.6073 -0.4140
vn 0.6764 0.6184 -0.4002
vn 0.6742 0.6305 -0.3848
vn 0.6713 0.6441 -0.3667
vn 0.6673 0.6603 -0.3445
vn 0.6614 0.6805 -0.3154
vn 0.6517 0.7072 -0.2741
vn 0.6336 0.7450 -0.2087
vn 0.5904 0.8025 -0.0863
vn 0.4473 0.8720 0.1988
vn 0.7649 0.5325 -0.3625
vn 0.7633 0.5431 -0.3498
vn 0.7613 0.5544 -0.3363
vn 0.7588 0.5667 -0.3210
vn 0.7555 0.5807 -0.3033
vn 0.7511 0.5973 -0.2814
vn 0.7444 0.6180 -0.2529
vn 0.7335 0.6456 -0.2125
vn 0.7130 0.6852 -0.1489
vn 0.6644 0.7467 -0.0306
vn 0.5030 0.8300 0.2411
vn 0.8382 0.4611 -0.2912
vn 0.8364 0.4720 -0.2787
vn 0.8342 0.4835 -0.2653
vn 0.8315 0.4960 -0.2503
vn 0.8279 0.5103 -0.2329
vn 0.8229 0.5273 -0.2115
vn 0.8156 0.5487 -0.1836
vn 0.8037 0.5773 -0.1442
vn 0.7811 0.6189 -0.0825
vn 0.7280 0.6849 0.0312
vn 0.5513 0.7830 0.2881
vn 0.8983 0.3839 -0.2139
vn 0.8963 0.3949 -0.2016
vn 0.8940 0.4065 -0.1884
vn 0.8911 0.4193 -0.1736
vn 0.8872 0.4340 -0.1565
vn 0.8819 0.4514 -0.1356
vn 0.8741 0.4734 -0.1083
vn 0.8614 0.5032 -0.0701
vn 0.8372 0.5468 -0.0105
vn 0.7802 0.6177 0.0984
vn 0.5909 0.7321 0.3389
vn 0.9442 0.3019 -0.1319
vn 0.9421 0.3131 -0.1198
vn 0.9397 0.3250 -0.1068
vn 0.9366 0.3380 -0.0924
vn 0.9326 0.3530 -0.0755
vn 0.9271 0.3709 -0.0550
vn 0.9189 0.3936 -0.0284
vn 0.9054 0.4245 0.0086
vn 0.8800 0.4703 0.0661
vn 0.8201 0.5464 0.1697
vn 0.6211 0.6782 0.3928
vn 0.9752 0.2165 -0.0466
vn 0.9731 0.2279 -0.0346
vn 0.9705 0.2400 -0.0218
vn 0.9674 0.2533 -0.0077
vn 0.9632 0.2686 0.0088
vn 0.9575 0.2871 0.0288
vn 0.9490 0.3105 0.0546
vn 0.9351 0.3426 0.0904
vn 0.9089 0.3907 0.1456
vn 0.8470 0.4723 0.2438
vn 0.6415 0.6220 0.4491
vn 0.9908 0.1291 0.0409
vn 0.9887 0.1406 0.0527
vn 0.9861 0.1529 0.0653
vn 0.9829 0.1665 0.0791
vn 0.9786 0.1823 0.0952
vn 0.9728 0.2012 0.1147
vn 0.9642 0.2255 0.1397
vn 0.9501 0.2588 0.1743
vn 0.9235 0.3092 0.2271
vn 0.8606 0.3964 0.3197
vn 0.6519 0.5644 0.5064
vn 0.9908 0.0409 0.1291
vn 0.9887 0.0527 0.1406
vn 0.9861 0.0653 0.1529
vn 0.9829 0.0791 0.1665
vn 0.9786 0.0952 0.1823
vn 0.9728 0.1147 0.2012
vn 0.9642 0.1397 0.2255
vn 0.9501 0.1743 0.2588
vn 0.9235 0.2271 0.3092
vn 0.8606 0.3198 0.3964
vn 0.6517 0.5064 0.5646
vn 0.9752 -0.0466 0.2165
vn 0.9731 -0.0346 0.2279
vn 0.9705 -0.0218 0.2400
vn 0.9674 -0.0076 0.2533
vn 0.9632 0.0088 0.2686
vn 0.9575 0.0288 0.2871
vn 0.9490 0.0546 0.3106
vn 0.9351 0.0904 0.3426
vn 0.9089 0.1456 0.3907
vn 0.8470 0.2438 0.4724
vn 0.6416 0.4487 0.6221
vn 0.9442 -0.1319 0.3019
vn 0.9421 -0.1198 0.3131
vn 0.9397 -0.1068 0.3250
vn 0.9366 -0.0923 0.3380
vn 0.9326 -0.0755 0.3529
vn 0.9271 -0.0550 0.3709
vn 0.9189 -0.0284 0.3936
vn 0.9054 0.0086 0.4245
vn 0.8800 0.0660 0.4703
vn 0.8201 0.1698 0.5464
vn 0.6211 0.3931 0.6780
vn 0.8983 -0.2139 0.3839
vn 0.8963 -0.2016 0.3949
vn 0.8940 -0.1884 0.4065
vn 0.8911 -0.1736 0.4193
vn 0.8872 -0.1565 0.4339
vn 0.8820 -0.1356 0.4514
vn 0.8742 -0.1083 0.4734
vn 0.8614 -0.0701 0.5031
vn 0.8372 -0.0104 0.5468
vn 0.7802 0.0984 0.6177
vn 0.5909 0.3390 0.7321
vn 0.8382 -0.2912 0.4611
vn 0.8364 -0.2787 0.4720
vn 0.8342 -0.2653 0.4835
vn 0.8315 -0.2503 0.4960
vn 0.8279 -0.2329 0.5103
vn 0.8229 -0.2115 0.5273
vn 0.8156 -0.1836 0.5487
vn 0.8037 -0.1442 0.5773
vn 0.7812 -0.0825 0.6189
vn 0.7280 0.0312 0.6849
vn 0.5514 0.2880 0.7830
vn 0.7649 -0.3625 0.5325
vn 0.7633 -0.3498 0.5431
vn 0.7613 -0.3363 0.5544
vn 0.7588 -0.3210 0.5667
vn 0.7555 -0.3033 0.5807
vn 0.7511 -0.2814 0.5973
vn 0.7444 -0.2529 0.6180
vn 0.7335 -0.2125 0.6456
vn 0.7130 -0.1488 0.6852
vn 0.6644 -0.0306 0.7467
vn 0.5031 0.2411 0.8299
vn 0.6796 -0.4267 0.5967
vn 0.6781 -0.4140 0.6073
vn 0.6764 -0.4002 0.6184
vn 0.6742 -0.3848 0.6305
vn 0.6713 -0.3667 0.6441
vn 0.6673 -0.3445 0.6603
vn 0.6614 -0.3154 0.6805
vn 0.6517 -0.2741 0.7072
vn 0.6335 -0.2087 0.7451
vn 0.5904 -0.0864 0.8025
vn 0.4472 0.1987 0.8721
vn 0.5836 -0.4829 0.6529
vn 0.5823 -0.4700 0.6633
vn 0.5808 -0.4561 0.6743
vn 0.5789 -0.4405 0.6862
vn 0.5764 -0.4222 0.6996
vn 0.5730 -0.3997 0.7155
vn 0.5679 -0.3701 0.7352
vn 0.5596 -0.3280 0.7611
vn 0.5438 -0.2611 0.7975
vn 0.5069 -0.1352 0.8513
vn 0.3841 0.1621 0.9090
vn 0.4783 -0.5302 0.7001
vn 0.4772 -0.5172 0.7105
vn 0.4760 -0.5031 0.7213
vn 0.4744 -0.4874 0.7331
vn 0.4724 -0.4689 0.7463
vn 0.4696 -0.4461 0.7619
vn 0.4655 -0.4161 0.7812
vn 0.4586 -0.3733 0.8064
vn 0.4457 -0.3052 0.8415
vn 0.4153 -0.1763 0.8924
vn 0.3144 0.1308 0.9402
vn 0.3655 -0.5677 0.7377
vn 0.3647 -0.5546 0.7479
vn 0.3637 -0.5405 0.7587
vn 0.3625 -0.5246 0.7703
vn 0.3610 -0.5060 0.7834
vn 0.3588 -0.4829 0.7988
vn 0.3557 -0.4526 0.8177
vn 0.3505 -0.4093 0.8424
vn 0.3407 -0.3401 0.8765
vn 0.3175 -0.2088 0.9250
vn 0.2404 0.1059 0.9649
vn 0.2469 -0.5949 0.7649
vn 0.2464 -0.5818 0.7751
vn 0.2457 -0.5676 0.7858
vn 0.2449 -0.5516 0.7973
vn 0.2439 -0.5329 0.8103
vn 0.2424 -0.5097 0.8255
vn 0.2402 -0.4791 0.8442
vn 0.2367 -0.4355 0.8685
vn 0.2301 -0.3655 0.9019
vn 0.2144 -0.2325 0.9487
vn 0.1624 0.0883 0.9828
vn 0.1244 -0.6114 0.7814
vn 0.1242 -0.5983 0.7916
vn 0.1238 -0.5841 0.8022
vn 0.1234 -0.5680 0.8137
vn 0.1229 -0.5492 0.8266
vn 0.1222 -0.5259 0.8417
vn 0.1211 -0.4952 0.8603
vn 0.1193 -0.4513 0.8844
vn 0.1160 -0.3810 0.9173
vn 0.1081 -0.2468 0.9630
vn 0.0819 0.0772 0.9936
vn -0.0000 -0.6170 0.7870
vn 0.0000 -0.6038 0.7971
vn 0.0000 -0.5896 0.8077
vn 0.0000 -0.5735 0.8192
vn 0.0000 -0.5546 0.8321
vn 0.0000 -0.5313 0.8472
vn -0.0000 -0.5006 0.8657
vn 0.0000 -0.4566 0.8897
vn 0.0001 -0.3861 0.9225
vn 0.0002 -0.2517 0.9678
vn 0.0003 0.0738 0.9973
vn -0.1244 -0.6115 0.7814
vn -0.1242 -0.5983 0.7916
vn -0.1238 -0.5840 0.8022
vn -0.1234 -0.5680 0.8137
vn -0.1229 -0.5492 0.8266
vn -0.1222 -0.5259 0.8417
vn -0.1211 -0.4952 0.8603
vn -0.1193 -0.4513 0.8844
vn -0.1160 -0.3809 0.9173
vn -0.1081 -0.2469 0.9630
vn -0.0818 0.0773 0.9936
vn -0.2469 -0.5949 0.7649
vn -0.2464 -0.5818 0.7751
vn -0.2457 -0.5676 0.7858
vn -0.2449 -0.5516 0.7973
vn -0.2438 -0.5329 0.8103
vn -0.2424 -0.5097 0.8255
vn -0.2403 -0.4791 0.8442
vn -0.2368 -0.4355 0.8685
vn -0.2301 -0.3655 0.9019
vn -0.2144 -0.2325 0.9487
vn -0.1624 0.0882 0.9828
vn -0.3654 -0.5677 0.7377
vn -0.3646 -0.5546 0.7479
vn -0.3637 -0.5405 0.7587
vn -0.3625 -0.5246 0.7703
vn -0.3609 -0.5060 0.7834
vn -0.3588 -0.4829 0.7988
vn -0.3557 -0.4526 0.8177
vn -0.3504 -0.4094 0.8424
vn -0.3405 -0.3402 0.8765
vn -0.3174 -0.2089 0.9250
vn -0.2404 0.1061 0.9649
vn -0.4782 -0.5302 0.7002
vn -0.4772 -0.5172 0.7105
vn -0.4760 -0.5032 0.7213
vn -0.4744 -0.4874 0.7331
vn -0.4724 -0.4689 0.7463
vn -0.4696 -0.4461 0.7619
vn -0.4654 -0.4161 0.7812
vn -0.4586 -0.3733 0.8064
vn -0.4458 -0.3051 0.8415
vn -0.4155 -0.1762 0.8924
vn -0.3146 0.1308 0.9402
vn -0.5836 -0.4829 0.6529
vn -0.5823 -0.4700 0.6633
vn -0.5807 -0.4561 0.6743
vn -0.5788 -0.4405 0.6862
vn -0.5764 -0.4222 0.6997
vn -0.5730 -0.3997 0.7155
vn -0.5679 -0.3701 0.7352
vn -0.5596 -0.3280 0.7611
vn -0.5439 -0.2611 0.7975
vn -0.5069 -0.1352 0.8514
vn -0.3838 0.1619 0.9091
vn -0.6796 -0.4267 0.5967
vn -0.6781 -0.4140 0.6073
vn -0.6764 -0.4002 0.6184
vn -0.6741 -0.3848 0.6305
vn -0.6712 -0.3668 0.6442
vn -0.6672 -0.3445 0.6604
vn -0.6613 -0.3154 0.6806
vn -0.6516 -0.2742 0.7073
vn -0.6333 -0.2088 0.7452
vn -0.5902 -0.0864 0.8026
vn -0.4471 0.1988 0.8721
vn -0.7650 -0.3624 0.5324
vn -0.7634 -0.3498 0.5431
vn -0.7614 -0.3362 0.5543
vn -0.7589 -0.3210 0.5667
vn -0.7556 -0.3032 0.5806
vn -0.7511 -0.2814 0.5973
vn -0.7444 -0.2528 0.6180
vn -0.7336 -0.2124 0.6455
vn -0.7130 -0.1488 0.6852
vn -0.6645 -0.0305 0.7467
vn -0.5033 0.2412 0.8298
vn -0.8382 -0.2911 0.4612
vn -0.8364 -0.2787 0.4720
vn -0.8342 -0.2653 0.4834
vn -0.8315 -0.2503 0.4960
vn -0.8279 -0.2328 0.5102
vn -0.8230 -0.2113 0.5272
vn -0.8157 -0.1834 0.5486
vn -0.8038 -0.1442 0.5772
vn -0.7813 -0.0824 0.6187
vn -0.7281 0.0314 0.6847
vn -0.5514 0.2882 0.7829
vn -0.8982 -0.2139 0.3839
vn -0.8963 -0.2016 0.3949
vn -0.8940 -0.1884 0.4066
vn -0.8911 -0.1737 0.4193
vn -0.8872 -0.1565 0.4340
vn -0.8820 -0.1355 0.4514
vn -0.8741 -0.1083 0.4735
vn -0.8613 -0.0701 0.5033
vn -0.8372 -0.0104 0.5468
vn -0.7803 0.0985 0.6177
vn -0.5909 0.3389 0.7321
vn -0.9442 -0.1319 0.3019
vn -0.9421 -0.1198 0.3131
vn -0.9397 -0.1068 0.3250
vn -0.9366 -0.0923 0.3380
vn -0.9326 -0.0755 0.3529
vn -0.9271 -0.0550 0.3709
vn -0.9188 -0.0285 0.3936
vn -0.9054 0.0086 0.4245
vn -0.8800 0.0660 0.4704
vn -0.8201 0.1696 0.5466
vn -0.6211 0.3927 0.6783
vn -0.9752 -0.0465 0.2165
vn -0.9731 -0.0346 0.2279
vn -0.9705 -0.0219 0.2400
vn -0.9673 -0.0077 0.2534
vn -0.9632 0.0088 0.2687
vn -0.9575 0.0289 0.2870
vn -0.9490 0.0547 0.3105
vn -0.9351 0.0905 0.3426
vn -0.9089 0.1456 0.3908
vn -0.8470 0.2438 0.4723
vn -0.6415 0.4489 0.6220
vn -0.9908 0.0410 0.1290
vn -0.9887 0.0527 0.1406
vn -0.9861 0.0652 0.1529
vn -0.9829 0.0791 0.1666
vn -0.9786 0.0952 0.1823
vn -0.9728 0.1147 0.2012
vn -0.9642 0.1397 0.2254
vn -0.9501 0.1743 0.2587
vn -0.9235 0.2271 0.3093
vn -0.8606 0.3198 0.3963
vn -0.6518 0.5066 0.5644
vn -0.9908 0.1290 0.0410
vn -0.9887 0.1406 0.0527
vn -0.9861 0.1529 0.0652
vn -0.9829 0.1666 0.0791
vn -0.9786 0.1823 0.0952
vn -0.9728 0.2012 0.1147
vn -0.9642 0.2254 0.1397
vn -0.9501 0.2587 0.1743
vn -0.9235 0.3092 0.2271
vn -0.8606 0.3963 0.3199
vn -0.6518 0.5644 0.5065
vn -0.9752 0.2165 -0.0465
vn -0.9731 0.2279 -0.0346
vn -0.9705 0.2400 -0.0219
vn -0.9673 0.2534 -0.0077
vn -0.9632 0.2687 0.0088
vn -0.9575 0.2870 0.0289
vn -0.9490 0.3105 0.0547
vn -0.9351 0.3426 0.0904
vn -0.9089 0.3908 0.1456
vn -0.8470 0.4723 0.2438
vn -0.6415 0.6220 0.4489
vn -0.9442 0.3019 -0.1319
vn -0.9421 0.3131 -0.1198
vn -0.9397 0.3250 -0.1068
vn -0.9366 0.3380 -0.0923
vn -0.9326 0.3529 -0.0755
vn -0.9271 0.3709 -0.0550
vn -0.9188 0.3936 -0.0285
vn -0.9054 0.4245 0.0086
vn -0.8800 0.4704 0.0661
vn -0.8201 0.5466 0.1696
vn -0.6210 0.6783 0.3927
vn -0.8982 0.3839 -0.2139
vn -0.8963 0.3949 -0.2016
vn -0.8940 0.4066 -0.1884
vn -0.8911 0.4193 -0.1736
vn -0.8873 0.4339 -0.1565
vn -0.8820 0.4514 -0.1355
vn -0.8741 0.4735 -0.1083
vn -0.8613 0.5032 -0.0701
vn -0.8372 0.5468 -0.0104
vn -0.7802 0.6177 0.0985
vn -0.5909 0.7321 0.3390
vn -0.8382 0.4612 -0.2912
vn -0.8364 0.4720 -0.2787
vn -0.8342 0.4834 -0.2653
vn -0.8315 0.4960 -0.2503
vn -0.8279 0.5102 -0.2328
vn -0.8230 0.5273 -0.2114
vn -0.8157 0.5486 -0.1835
vn -0.8037 0.5772 -0.1442
vn -0.7812 0.6188 -0.0824
vn -0.7281 0.6847 0.0314
vn -0.5515 0.7828 0.2882
vn -0.7650 0.5324 -0.3624
vn -0.7634 0.5431 -0.3498
vn -0.7614 0.5543 -0.3362
vn -0.7589 0.5667 -0.3210
vn -0.7556 0.5807 -0.3032
vn -0.7510 0.5973 -0.2814
vn -0.7444 0.6180 -0.2529
vn -0.7336 0.6455 -0.2124
vn -0.7131 0.6851 -0.1488
vn -0.6645 0.7467 -0.0305
vn -0.5032 0.8298 0.2412
vn -0.6796 0.5967 -0.4267
vn -0.6782 0.6072 -0.4139
vn -0.6764 0.6184 -0.4002
vn -0.6742 0.6305 -0.3848
vn -0.6713 0.6442 -0.3667
vn -0.6673 0.6604 -0.3445
vn -0.6613 0.6805 -0.3154
vn -0.6517 0.7072 -0.2742
vn -0.6334 0.7452 -0.2087
vn -0.5902 0.8026 -0.0864
vn -0.4470 0.8721 0.1988
vn -0.5836 0.6529 -0.4829
vn -0.5823 0.6633 -0.4700
vn -0.5807 0.6743 -0.4561
vn -0.5788 0.6862 -0.4405
vn -0.5764 0.6997 -0.4222
vn -0.5730 0.7155 -0.3996
vn -0.5679 0.7352 -0.3701
vn -0.5596 0.7611 -0.3280
vn -0.5439 0.7975 -0.2611
vn -0.5068 0.8514 -0.1352
vn -0.3838 0.9091 0.1619
vn -0.4783 0.7001 -0.5302
vn -0.4772 0.7105 -0.5172
vn -0.4760 0.7213 -0.5031
vn -0.4744 0.7331 -0.4874
vn -0.4724 0.7463 -0.4689
vn -0.4696 0.7619 -0.4460
vn -0.4654 0.7812 -0.4161
vn -0.4586 0.8064 -0.3733
vn -0.4458 0.8415 -0.3051
vn -0.4155 0.8924 -0.1762
vn -0.3146 0.9402 0.1308
vn -0.3654 0.7377 -0.5677
vn -0.3646 0.7479 -0.5546
vn -0.3637 0.7587 -0.5405
vn -0.3625 0.7703 -0.5246
vn -0.3609 0.7834 -0.5060
vn -0.3588 0.7988 -0.4829
vn -0.3556 0.8177 -0.4526
vn -0.3504 0.8424 -0.4094
vn -0.3405 0.8765 -0.3402
vn -0.3174 0.9250 -0.2089
vn -0.2404 0.9649 0.1062
vn -0.2469 0.7649 -0.5949
vn -0.2463 0.7751 -0.5818
vn -0.2457 0.7858 -0.5676
vn -0.2449 0.7973 -0.5516
vn -0.2438 0.8103 -0.5329
vn -0.2424 0.8255 -0.5097
vn -0.2403 0.8442 -0.4791
vn -0.2367 0.8685 -0.4355
vn -0.2301 0.9019 -0.3655
vn -0.2144 0.9487 -0.2325
vn -0.1624 0.9828 0.0882
vn -0.1244 0.7814 -0.6114
vn -0.1242 0.7916 -0.5983
vn -0.1238 0.8022 -0.5840
vn -0.1234 0.8137 -0.5680
vn -0.1229 0.8266 -0.5492
vn -0.1221 0.8417 -0.5259
vn -0.1210 0.8603 -0.4952
vn -0.1193 0.8844 -0.4513
vn -0.1160 0.9173 -0.3809
vn -0.1081 0.9630 -0.2468
vn -0.0819 0.9936 0.0774
vn 0.1250 0.6445 -0.7543
vn 0.2479 0.6279 -0.7377
vn 0.1250 0.7543 -0.6445
vn 0.0000 0.7599 -0.6501
vn 0.3670 0.7104 -0.6006
vn 0.2479 0.7377 -0.6279
vn 0.3670 0.6006 -0.7103
vn 0.4803 0.6727 -0.5629
vn 0.4803 0.5629 -0.6727
vn 0.5860 0.6252 -0.5155
vn 0.5860 0.5155 -0.6252
vn 0.6825 0.5688 -0.4590
vn 0.6825 0.4590 -0.5688
vn 0.7682 0.5043 -0.3945
vn 0.7682 0.3945 -0.5043
vn 0.8418 0.4326 -0.3229
vn 0.8418 0.3229 -0.4326
vn 0.9021 0.3550 -0.2453
vn 0.9021 0.2453 -0.3550
vn 0.9482 0.2727 -0.1630
vn 0.9482 0.1630 -0.2727
vn 0.9793 0.1870 -0.0772
vn 0.9793 0.0772 -0.1870
vn 0.9950 0.0991 0.0106
vn 0.9950 -0.0106 -0.0991
vn 0.9950 0.0106 0.0991
vn 0.9950 -0.0991 -0.0106
vn 0.9793 -0.0772 0.1870
vn 0.9793 -0.1870 0.0772
vn 0.9482 -0.1630 0.2727
vn 0.9482 -0.2727 0.1630
vn 0.9021 -0.2453 0.3550
vn 0.9021 -0.3550 0.2453
vn 0.8418 -0.3229 0.4326
vn 0.8418 -0.4326 0.3229
vn 0.7682 -0.3945 0.5043
vn 0.7682 -0.5043 0.3945
vn 0.6825 -0.4590 0.5688
vn 0.6825 -0.5688 0.4590
vn 0.5860 -0.5155 0.6252
vn 0.5860 -0.6252 0.5155
vn 0.4803 -0.5629 0.6727
vn 0.4803 -0.6727 0.5629
vn 0.3670 -0.6006 0.7104
vn 0.3670 -0.7103 0.6006
vn 0.2479 -0.6279 0.7377
vn 0.2479 -0.7377 0.6279
vn 0.1250 -0.6445 0.7543
vn 0.1250 -0.7543 0.6445
vn 0.0000 -0.6501 0.7599
vn 0.0000 -0.7599 0.6501
vn -0.1250 -0.6445 0.7543
vn -0.1250 -0.7543 0.6445
vn -0.2479 -0.6279 0.7377
vn -0.2479 -0.7377 0.6279
vn -0.3670 -0.6006 0.7104
vn -0.3670 -0.7104 0.6006
vn -0.4803 -0.5629 0.6727
vn -0.4803 -0.6726 0.5629
vn -0.5860 -0.5155 0.6252
vn -0.5860 -0.6252 0.5155
vn -0.6825 -0.4590 0.5688
vn -0.6825 -0.5688 0.4590
vn -0.7682 -0.3945 0.5042
vn -0.7682 -0.5042 0.3945
vn -0.8418 -0.3229 0.4326
vn -0.8418 -0.4326 0.3229
vn -0.9021 -0.2453 0.3551
vn -0.9021 -0.3551 0.2453
vn -0.9482 -0.1630 0.2727
vn -0.9482 -0.2727 0.1630
vn -0.9793 -0.0772 0.1870
vn -0.9793 -0.1870 0.0772
vn -0.9950 0.0106 0.0991
vn -0.9950 -0.0991 -0.0106
vn -0.9950 0.0991 0.0106
vn -0.9950 -0.0106 -0.0991
vn -0.9793 0.1870 -0.0772
vn -0.9793 0.0772 -0.1870
vn -0.9482 0.2727 -0.1630
vn -0.9482 0.1630 -0.2727
vn -0.9021 0.3551 -0.2453
vn -0.9021 0.2453 -0.3551
vn -0.8418 0.4326 -0.3229
vn -0.8418 0.3229 -0.4326
vn -0.7682 0.5042 -0.3945
vn -0.6825 0.5688 -0.4590
vn -0.5860 0.6252 -0.5155
vn -0.4803 0.6726 -0.5629
vn -0.3670 0.7104 -0.6006
vn -0.2479 0.7377 -0.6279
vn -0.1250 0.7543 -0.6445
vn 0.1253 0.6811 -0.7214
vn 0.0000 0.7269 -0.6867
vn 0.1253 0.7214 -0.6811
vn 0.2486 0.6645 -0.7047
vn 0.2486 0.7047 -0.6645
vn 0.3680 0.6371 -0.6773
vn 0.3680 0.6773 -0.6371
vn 0.4816 0.5993 -0.6395
vn 0.4816 0.6395 -0.5993
vn 0.5875 0.5517 -0.5920
vn 0.5875 0.5920 -0.5517
vn 0.6843 0.4951 -0.5354
vn 0.6843 0.5354 -0.4951
vn 0.7702 0.4304 -0.4707
vn 0.7702 0.4707 -0.4304
vn 0.8440 0.3586 -0.3989
vn 0.8440 0.3989 -0.3586
vn 0.9045 0.2808 -0.3211
vn 0.9045 0.3211 -0.2808
vn 0.9507 0.1983 -0.2386
vn 0.9507 0.2386 -0.1983
vn 0.9819 0.1123 -0.1526
vn 0.9819 0.1526 -0.1123
vn 0.9976 0.0243 -0.0645
vn 0.9976 0.0645 -0.0243
vn 0.9976 -0.0645 0.0243
vn 0.9976 -0.0243 0.0645
vn 0.9819 -0.1526 0.1123
vn 0.9819 -0.1123 0.1526
vn 0.9507 -0.2386 0.1983
vn 0.9507 -0.1983 0.2386
vn 0.9045 -0.3211 0.2808
vn 0.9045 -0.2808 0.3211
vn 0.8440 -0.3989 0.3586
vn 0.8440 -0.3586 0.3989
vn 0.7702 -0.4707 0.4304
vn 0.7702 -0.4304 0.4707
vn 0.6843 -0.5354 0.4951
vn 0.6843 -0.4951 0.5354
vn 0.5875 -0.5920 0.5517
vn 0.5875 -0.5517 0.5920
vn 0.4816 -0.6395 0.5993
vn 0.4816 -0.5993 0.6395
vn 0.3680 -0.6773 0.6371
vn 0.3680 -0.6371 0.6773
vn 0.2486 -0.7047 0.6645
vn 0.2486 -0.6645 0.7047
vn 0.1253 -0.7214 0.6811
vn 0.1253 -0.6811 0.7214
vn 0.0000 -0.7269 0.6867
vn 0.0000 -0.6867 0.7269
vn -0.1253 -0.7214 0.6811
vn -0.1253 -0.6811 0.7214
vn -0.2486 -0.7047 0.6645
vn -0.2486 -0.6645 0.7047
vn -0.3680 -0.6773 0.6371
vn -0.3680 -0.6371 0.6773
vn -0.4816 -0.6395 0.5993
vn -0.4816 -0.5993 0.6395
vn -0.5875 -0.5920 0.5517
vn -0.5875 -0.5517 0.5920
vn -0.6843 -0.5354 0.4951
vn -0.6843 -0.4951 0.5354
vn -0.7702 -0.4707 0.4304
vn -0.7702 -0.4304 0.4707
vn -0.8440 -0.3989 0.3586
vn -0.8440 -0.3586 0.3989
vn -0.9044 -0.3211 0.2808
vn -0.9045 -0.2808 0.3211
vn -0.9507 -0.2385 0.1983
vn -0.9507 -0.1983 0.2385
vn -0.9819 -0.1526 0.1123
vn -0.9819 -0.1123 0.1526
vn -0.9976 -0.0645 0.0243
vn -0.9976 -0.0243 0.0645
vn -0.9976 0.0243 -0.0645
vn -0.9976 0.0645 -0.0243
vn -0.9819 0.1123 -0.1526
vn -0.9819 0.1526 -0.1123
vn -0.9507 0.1983 -0.2385
vn -0.9507 0.2385 -0.1983
vn -0.9044 0.2808 -0.3211
vn -0.9045 0.3211 -0.2808
vn -0.8440 0.3586 -0.3989
vn -0.8440 0.3989 -0.3586
vn -0.7702 0.4707 -0.4304
vn -0.6843 0.5354 -0.4951
vn -0.5875 0.5920 -0.5517
vn -0.4816 0.6395 -0.5993
vn -0.3680 0.6773 -0.6371
vn -0.2486 0.7047 -0.6645
vn -0.1253 0.7214 -0.6811
vn -0.9727 0.2296 -0.0328
vn -0.9883 0.1423 0.0544
vn -0.9743 -0.2216 0.0412
vn -0.9899 -0.1342 -0.0462
vn -0.1241 -0.5963 0.7931
vn 0.0000 -0.6018 0.7986
vn 0.9883 0.0544 0.1423
vn 0.9883 0.1423 0.0544
vn -0.9418 0.3148 -0.1180
vn 0.1241 0.7931 -0.5963
vn 0.0000 0.7986 -0.6019
vn -0.2463 -0.5798 0.7766
vn 0.9727 -0.0328 0.2296
vn -0.8960 0.3965 -0.1998
vn -0.1241 0.7931 -0.5963
vn -0.3645 -0.5527 0.7494
vn 0.9418 -0.1180 0.3147
vn -0.8361 0.4736 -0.2768
vn 0.2463 0.7766 -0.5799
vn -0.4771 -0.5152 0.7120
vn 0.8960 -0.1997 0.3965
vn -0.7630 0.5447 -0.3479
vn 0.3645 0.7494 -0.5527
vn -0.5821 -0.4681 0.6649
vn 0.8361 -0.2768 0.4736
vn -0.6779 0.6088 -0.4121
vn 0.4771 0.7120 -0.5152
vn -0.6779 -0.4121 0.6088
vn 0.7630 -0.3480 0.5447
vn -0.5821 0.6649 -0.4681
vn 0.5821 0.6649 -0.4681
vn -0.7630 -0.3479 0.5447
vn 0.6779 -0.4121 0.6088
vn -0.4771 0.7120 -0.5152
vn 0.6779 0.6088 -0.4121
vn -0.8361 -0.2768 0.4736
vn 0.5821 -0.4681 0.6649
vn -0.3645 0.7494 -0.5527
vn 0.7630 0.5447 -0.3480
vn -0.8960 -0.1998 0.3965
vn 0.4771 -0.5152 0.7120
vn -0.2463 0.7766 -0.5798
vn 0.8361 0.4736 -0.2768
vn -0.9418 -0.1180 0.3148
vn 0.3645 -0.5527 0.7494
vn 0.8960 0.3965 -0.1997
vn -0.9727 -0.0328 0.2296
vn 0.2463 -0.5799 0.7766
vn 0.9418 0.3147 -0.1180
vn -0.9883 0.0544 0.1423
vn 0.1241 -0.5963 0.7931
vn 0.9727 0.2296 -0.0328
vn 0.9899 -0.1342 -0.0462
vn 0.9743 -0.2216 0.0412
vn -0.0000 0.6111 -0.7915
vn 0.1243 0.6056 -0.7860
vn -0.9899 -0.0462 -0.1342
vn 0.9433 -0.3069 0.1265
vn 0.0000 -0.7915 0.6111
vn -0.1244 -0.7860 0.6056
vn 0.2466 0.5891 -0.7695
vn -0.9743 0.0412 -0.2216
vn 0.8974 -0.3888 0.2084
vn 0.1244 -0.7860 0.6056
vn 0.3651 0.5619 -0.7423
vn -0.9433 0.1265 -0.3069
vn 0.8374 -0.4660 0.2856
vn -0.2467 -0.7695 0.5891
vn 0.4778 0.5244 -0.7048
vn -0.8974 0.2084 -0.3888
vn 0.7642 -0.5373 0.3568
vn -0.3651 -0.7423 0.5619
vn 0.5830 0.4772 -0.6576
vn -0.8374 0.2856 -0.4660
vn 0.6789 -0.6015 0.4211
vn -0.4778 -0.7048 0.5244
vn 0.6789 0.4211 -0.6015
vn -0.7642 0.3569 -0.5373
vn 0.5830 -0.6576 0.4772
vn -0.5830 -0.6576 0.4772
vn 0.7642 0.3569 -0.5373
vn -0.6790 0.4211 -0.6014
vn 0.4778 -0.7048 0.5244
vn -0.6790 -0.6014 0.4211
vn 0.8374 0.2856 -0.4660
vn -0.5830 0.4772 -0.6576
vn 0.3651 -0.7423 0.5619
vn -0.7642 -0.5372 0.3569
vn 0.8974 0.2084 -0.3888
vn -0.4778 0.5244 -0.7048
vn 0.2466 -0.7695 0.5891
vn -0.8374 -0.4660 0.2856
vn 0.9433 0.1265 -0.3069
vn -0.3651 0.5619 -0.7423
vn -0.8974 -0.3888 0.2084
vn 0.9743 0.0412 -0.2216
vn -0.2467 0.5891 -0.7695
vn -0.9433 -0.3069 0.1265
vn 0.9899 -0.0462 -0.1342
vn -0.1243 0.6056 -0.7860
vn -0.0276 0.7068 -0.7068
vn -0.0246 0.7141 -0.6996
vn -0.0251 0.7130 -0.7007
vn 0.9993 0.0261 -0.0261
vn 0.9994 0.0329 -0.0136
vn 0.9994 0.0318 -0.0157
vn 0.0395 -0.7066 0.7066
vn 0.0355 -0.6969 0.7163
vn 0.0361 -0.6985 0.7147
vn -0.9997 -0.0175 0.0175
vn -0.9997 -0.0081 0.0225
vn -0.9997 -0.0097 0.0217
vn -0.0316 -0.6979 0.7155
vn -0.0322 -0.6993 0.7141
vn -0.0279 -0.6886 0.7246
vn -0.0215 0.7216 -0.6920
vn -0.8184 0.4063 0.4063
vn -0.8017 -0.4226 -0.4226
vn 0.0279 0.7068 -0.7068
vn 0.0253 0.7130 -0.7007
vn 0.0248 0.7142 -0.6995
vn 1.0000 0.0000 0.0000
vn -0.0353 -0.7067 0.7067
vn -1.0000 0.0000 0.0000
vn 0.8017 -0.4226 -0.4226
vn 0.0000 -0.9884 0.1519
vn 0.8184 0.4063 0.4063
vn 0.0000 0.7071 0.7071
vn -0.9996 0.0014 0.0277
vn 0.0000 0.9837 -0.1798
vn 0.9995 -0.0119 0.0297
vn 0.9995 -0.0138 0.0287
vn 0.9993 -0.0001 0.0361
vn 0.0000 -0.1798 0.9837
vn 0.0000 0.1519 -0.9884
vn 0.9994 -0.0235 0.0235
vn -0.9996 0.0196 -0.0196
vn -0.9996 0.0242 -0.0112
vn -0.9996 0.0251 -0.0095
vn -0.9995 0.0307 0.0009
vn 0.0313 -0.6868 0.7261
vn 0.9992 0.0399 -0.0008
vn 0.0216 0.7217 -0.6919
usemtl Rocket_Body
s 1
f 755/1/1 756/2/2 807/3/3 806/4/4
f 1/5/5 3/6/5 752/7/5 751/8/5
f 3/6/5 5/9/5 753/10/5 752/7/5
f 5/9/5 7/11/5 754/12/5 753/10/5
f 7/11/5 9/13/5 755/1/5 754/12/5
f 9/13/5 11/14/5 756/2/5 755/1/5
f 11/14/5 13/15/5 757/16/5 756/2/5
f 13/15/5 15/17/5 758/18/5 757/16/5
f 15/17/5 17/19/5 759/20/5 758/18/5
f 17/19/5 19/21/5 760/22/5 759/20/5
f 19/21/5 21/23/5 761/24/5 760/22/5
f 21/23/5 23/25/5 762/26/5 761/24/5
f 23/25/5 25/27/5 763/28/5 762/26/5
f 25/27/5 27/29/5 764/30/5 763/28/5
f 27/29/5 29/31/5 765/32/5 764/30/5
f 29/31/5 31/33/5 766/34/5 765/32/5
f 31/33/5 33/35/5 767/36/5 766/34/5
f 33/35/5 35/37/5 768/38/5 767/36/5
f 35/37/5 37/39/5 769/40/5 768/38/5
f 37/39/5 39/41/5 770/42/5 769/40/5
f 39/41/5 41/43/5 771/44/5 770/42/5
f 41/43/5 43/45/5 772/46/5 771/44/5
f 43/45/5 45/47/5 773/48/5 772/46/5
f 45/47/5 47/49/5 774/50/5 773/48/5
f 47/49/5 49/51/5 775/52/5 774/50/5
f 49/51/5 51/53/5 776/54/5 775/52/5
f 51/53/5 53/55/5 777/56/5 776/54/5
f 53/55/5 55/57/5 778/58/5 777/56/5
f 55/57/5 57/59/5 779/60/5 778/58/5
f 57/59/5 59/61/5 780/62/5 779/60/5
f 59/61/5 61/63/5 781/64/5 780/62/5
f 61/63/5 63/65/5 782/66/5 781/64/5
f 63/65/5 65/67/5 783/68/5 782/66/5
f 65/67/5 67/69/5 784/70/5 783/68/5
f 67/69/5 69/71/5 785/72/5 784/70/5
f 69/71/5 71/73/5 786/74/5 785/72/5
f 71/73/5 73/75/5 787/76/5 786/74/5
f 73/75/5 75/77/5 788/78/5 787/76/5
f 75/77/5 77/79/5 789/80/5 788/78/5
f 77/79/5 79/81/5 790/82/5 789/80/5
f 79/81/5 81/83/5 791/84/5 790/82/5
f 81/83/5 83/85/5 792/86/5 791/84/5
f 83/85/5 85/87/5 793/88/5 792/86/5
f 85/87/5 87/89/5 794/90/5 793/88/5
f 87/89/5 89/91/5 795/92/5 794/90/5
f 89/91/5 91/93/5 796/94/5 795/92/5
f 91/93/5 93/95/5 797/96/5 796/94/5
f 93/95/5 95/97/5 798/98/5 797/96/5
f 95/97/5 97/99/5 799/100/5 798/98/5
f 97/99/5 99/101/5 800/102/5 799/100/5
f 99/101/5 1/5/5 751/8/5 800/102/5
f 782/66/6 783/68/7 834/103/8 833/104/9
f 769/40/10 770/42/11 821/105/12 820/106/13
f 796/94/14 797/96/15 848/107/16 847/108/17
f 756/2/2 757/16/18 808/109/19 807/3/3
f 783/68/7 784/70/20 835/110/21 834/103/8
f 770/42/11 771/44/22 822/111/23 821/105/12
f 797/96/15 798/98/24 849/112/25 848/107/16
f 757/16/18 758/18/26 809/113/27 808/109/19
f 784/70/20 785/72/28 836/114/29 835/110/21
f 771/44/22 772/46/30 823/115/31 822/111/23
f 798/98/24 799/100/32 850/116/33 849/112/25
f 758/18/26 759/20/34 810/117/35 809/113/27
f 785/72/28 786/74/36 837/118/37 836/114/29
f 772/46/30 773/48/38 824/119/39 823/115/31
f 799/100/32 800/102/40 803/120/41 850/116/33
f 759/20/34 760/22/42 811/121/43 810/117/35
f 786/74/36 787/76/44 838/122/45 837/118/37
f 773/48/38 774/50/46 825/123/47 824/119/39
f 760/22/42 761/24/48 812/124/49 811/121/43
f 787/76/44 788/78/50 839/125/51 838/122/45
f 774/50/46 775/52/52 826/126/53 825/123/47
f 761/24/48 762/26/54 813/127/55 812/124/49
f 788/78/50 789/80/56 840/128/57 839/125/51
f 775/52/52 776/54/58 827/129/59 826/126/53
f 762/26/54 763/28/60 814/130/61 813/127/55
f 789/80/56 790/82/62 841/131/63 840/128/57
f 776/54/58 777/56/64 828/132/65 827/129/59
f 763/28/60 764/30/66 815/133/67 814/130/61
f 790/82/62 791/84/68 842/134/69 841/131/63
f 751/8/70 752/7/71 802/135/72 801/136/73
f 777/56/64 778/58/74 829/137/75 828/132/65
f 764/30/66 765/32/76 816/138/77 815/133/67
f 791/84/68 792/86/78 843/139/79 842/134/69
f 800/102/40 751/8/70 801/136/73 803/120/41
f 778/58/74 779/60/80 830/140/81 829/137/75
f 765/32/76 766/34/82 817/141/83 816/138/77
f 792/86/78 793/88/84 844/142/85 843/139/79
f 752/7/71 753/10/86 804/143/87 802/135/72
f 779/60/80 780/62/88 831/144/89 830/140/81
f 766/34/82 767/36/90 818/145/91 817/141/83
f 793/88/84 794/90/92 845/146/93 844/142/85
f 753/10/86 754/12/94 805/147/95 804/143/87
f 780/62/88 781/64/96 832/148/97 831/144/89
f 767/36/90 768/38/98 819/149/99 818/145/91
f 794/90/92 795/92/100 846/150/101 845/146/93
f 754/12/94 755/1/1 806/4/4 805/147/95
f 781/64/96 782/66/6 833/104/9 832/148/97
f 768/38/98 769/40/10 820/106/13 819/149/99
f 795/92/100 796/94/14 847/108/17 846/150/101
f 951/151/5 952/152/5 954/153/5 955/154/5 956/155/5 957/156/5 958/157/5 959/158/5 960/159/5 961/160/5 962/161/5 963/162/5 964/163/5 965/164/5 966/165/5 967/166/5 968/167/5 969/168/5 970/169/5 971/170/5 972/171/5 973/172/5 974/173/5 975/174/5 976/175/5 977/176/5 978/177/5 979/178/5 980/179/5 981/180/5 982/181/5 983/182/5 984/183/5 985/184/5 986/185/5 987/186/5 988/187/5 989/188/5 990/189/5 991/190/5 992/191/5 993/192/5 994/193/5 995/194/5 996/195/5 997/196/5 998/197/5 999/198/5 1000/199/5 953/200/5
f 99/201/40 1148/202/102 1149/203/103 1/204/70
f 97/205/32 1146/206/104 1148/202/102 99/201/40
f 95/207/105 1144/208/106 1146/206/104 97/205/32
f 93/209/15 1142/210/107 1144/208/106 95/207/105
f 91/211/14 1140/212/108 1142/210/107 93/209/15
f 89/213/100 1138/214/109 1140/212/108 91/211/14
f 87/215/92 1136/216/110 1138/214/109 89/213/100
f 85/217/84 1134/218/111 1136/216/110 87/215/92
f 83/219/78 1132/220/112 1134/218/111 85/217/84
f 81/221/113 1130/222/114 1132/220/112 83/219/78
f 79/223/62 1128/224/115 1130/222/114 81/221/113
f 77/225/116 1126/226/117 1128/224/115 79/223/62
f 75/227/118 1124/228/119 1126/226/117 77/225/116
f 73/229/44 1122/230/120 1124/228/119 75/227/118
f 71/231/121 1120/232/122 1122/230/120 73/229/44
f 69/233/28 1118/234/123 1120/232/122 71/231/121
f 67/235/20 1116/236/124 1118/234/123 69/233/28
f 65/237/7 1114/238/125 1116/236/124 67/235/20
f 63/239/126 1112/240/127 1114/238/125 65/237/7
f 61/241/96 1110/242/128 1112/240/127 63/239/126
f 59/243/88 1108/244/129 1110/242/128 61/241/96
f 57/245/130 1106/246/131 1108/244/129 59/243/88
f 55/247/74 1104/248/132 1106/246/131 57/245/130
f 53/249/64 1102/250/133 1104/248/132 55/247/74
f 51/251/58 1100/252/134 1102/250/133 53/249/64
f 49/253/135 1098/254/136 1100/252/134 51/251/58
f 47/255/46 1096/256/137 1098/254/136 49/253/135
f 45/257/138 1094/258/139 1096/256/137 47/255/46
f 43/259/30 1092/260/140 1094/258/139 45/257/138
f 41/261/22 1090/262/141 1092/260/140 43/259/30
f 39/263/11 1088/264/142 1090/262/141 41/261/22
f 37/265/10 1086/266/143 1088/264/142 39/263/11
f 35/267/98 1084/268/144 1086/266/143 37/265/10
f 33/269/90 1082/270/145 1084/268/144 35/267/98
f 31/271/82 1080/272/146 1082/270/145 33/269/90
f 29/273/76 1078/274/147 1080/272/146 31/271/82
f 27/275/66 1076/276/148 1078/274/147 29/273/76
f 25/277/60 1074/278/149 1076/276/148 27/275/66
f 23/279/54 1072/280/150 1074/278/149 25/277/60
f 21/281/48 1070/282/151 1072/280/150 23/279/54
f 19/283/42 1068/284/152 1070/282/151 21/281/48
f 17/285/34 1066/286/153 1068/284/152 19/283/42
f 15/287/26 1064/288/154 1066/286/153 17/285/34
f 13/289/18 1062/290/155 1064/288/154 15/287/26
f 11/291/2 1060/292/156 1062/290/155 13/289/18
f 9/293/1 1058/294/157 1060/292/156 11/291/2
f 7/295/158 1056/296/159 1058/294/157 9/293/1
f 1150/297/160 1001/298/70 1002/299/71 1051/300/161
f 5/301/86 1054/302/162 1056/296/159 7/295/158
f 1051/300/161 1002/299/71 1003/303/86 1053/304/163
f 1/305/70 1149/306/103 1052/307/164 3/308/71
f 1053/304/163 1003/303/86 1004/309/165 1055/310/166
f 1055/310/166 1004/309/165 1005/311/1 1057/312/167
f 1057/312/167 1005/311/1 1006/313/2 1059/314/168
f 1059/314/168 1006/313/2 1007/315/18 1061/316/169
f 1061/316/169 1007/315/18 1008/317/26 1063/318/170
f 1063/318/170 1008/317/26 1009/319/34 1065/320/171
f 1065/320/171 1009/319/34 1010/321/42 1067/322/172
f 1067/322/172 1010/321/42 1011/323/48 1069/324/173
f 1069/324/173 1011/323/48 1012/325/54 1071/326/174
f 1071/326/174 1012/325/54 1013/327/175 1073/328/176
f 1014/329/58 1075/330/58 1358/331/58 1356/332/58
f 1075/330/177 1014/329/178 1015/333/76 1077/334/179
f 1077/334/179 1015/333/76 1016/335/82 1079/336/180
f 1079/336/180 1016/335/82 1017/337/90 1081/338/181
f 1081/338/181 1017/337/90 1018/339/98 1083/340/182
f 1083/340/182 1018/339/98 1019/341/10 1085/342/183
f 1085/342/183 1019/341/10 1020/343/11 1087/344/184
f 1087/344/184 1020/343/11 1021/345/22 1089/346/185
f 1089/346/185 1021/345/22 1022/347/30 1091/348/186
f 1091/348/186 1022/347/30 1023/349/138 1093/350/187
f 1093/350/187 1023/349/138 1024/351/46 1095/352/188
f 1095/352/188 1024/351/46 1025/353/135 1097/354/189
f 1097/354/189 1025/353/135 1026/355/58 1099/356/190
f 1099/356/190 1026/355/58 1027/357/64 1101/358/191
f 1101/358/191 1027/357/64 1028/359/74 1103/360/192
f 1103/360/192 1028/359/74 1029/361/130 1105/362/193
f 1105/362/193 1029/361/130 1030/363/88 1107/364/194
f 1107/364/194 1030/363/88 1031/365/96 1109/366/195
f 1109/366/195 1031/365/96 1032/367/126 1111/368/196
f 1111/368/196 1032/367/126 1033/369/7 1113/370/197
f 1113/370/197 1033/369/7 1034/371/20 1115/372/198
f 1115/372/198 1034/371/20 1035/373/28 1117/374/199
f 1117/374/199 1035/373/28 1036/375/121 1119/376/200
f 1119/376/200 1036/375/121 1037/377/44 1121/378/201
f 1121/378/201 1037/377/44 1038/379/202 1123/380/203
f 1039/381/70 1125/382/70 1354/383/70 1352/384/70
f 1125/382/204 1039/381/205 1040/385/62 1127/386/206
f 1127/386/206 1040/385/62 1041/387/113 1129/388/207
f 1129/388/207 1041/387/113 1042/389/78 1131/390/208
f 1131/390/208 1042/389/78 1043/391/84 1133/392/209
f 1133/392/209 1043/391/84 1044/393/92 1135/394/210
f 1135/394/210 1044/393/92 1045/395/100 1137/396/211
f 1137/396/211 1045/395/100 1046/397/14 1139/398/212
f 1139/398/212 1046/397/14 1047/399/15 1141/400/213
f 1141/400/213 1047/399/15 1048/401/105 1143/402/214
f 1143/402/214 1048/401/105 1049/403/32 1145/404/215
f 1145/404/215 1049/403/32 1050/405/40 1147/406/216
f 1147/406/216 1050/405/40 1001/407/70 1150/408/160
f 3/308/71 1052/307/164 1054/302/162 5/301/86
f 1324/409/217 1320/410/218 1322/411/219 1326/412/220
f 1328/413/221 1324/409/217 1326/412/220 1330/414/222
f 1332/415/223 1328/413/221 1330/414/222 1334/416/224
f 1336/417/225 1332/415/223 1334/416/224 1338/418/226
f 1340/419/227 1336/417/225 1338/418/226 1342/420/228
f 1344/421/229 1340/419/227 1342/420/228 1346/422/230
f 1347/423/231 1344/421/229 1346/422/230 1349/424/232
f 1353/425/233 1351/426/234 1352/384/234 1354/383/233
f 1123/380/58 1038/379/58 1351/426/58 1353/425/58
f 1125/382/204 1123/380/203 1353/425/233 1354/383/233
f 1038/379/202 1039/381/205 1352/384/234 1351/426/234
f 1357/427/235 1355/428/236 1356/332/236 1358/331/235
f 1073/328/70 1013/327/70 1355/428/70 1357/427/70
f 1075/330/177 1073/328/176 1357/427/235 1358/331/235
f 1013/327/175 1014/329/178 1356/332/236 1355/428/236
usemtl Red_Metal
f 1001/298/70 2/429/237 4/430/238 1002/299/71
f 1002/299/71 4/430/238 6/431/239 1003/303/86
f 1003/303/86 6/431/239 8/432/240 1004/309/165
f 1004/309/165 8/432/240 10/433/241 1005/311/1
f 1005/311/1 10/433/241 12/434/242 1006/313/2
f 1006/313/2 12/434/242 14/435/243 1007/315/18
f 1007/315/18 14/435/243 16/436/244 1008/317/26
f 1008/317/26 16/436/244 18/437/245 1009/319/34
f 1009/319/34 18/437/245 20/438/246 1010/321/42
f 1010/321/42 20/438/246 22/439/247 1011/323/48
f 1011/323/48 22/439/247 24/440/248 1012/325/54
f 1012/325/54 24/440/248 26/441/249 1013/327/175
f 1013/327/175 26/441/249 28/442/250 1014/329/178
f 1014/329/178 28/442/250 30/443/251 1015/333/76
f 1015/333/76 30/443/251 32/444/252 1016/335/82
f 1016/335/82 32/444/252 34/445/253 1017/337/90
f 1017/337/90 34/445/253 36/446/254 1018/339/98
f 1018/339/98 36/446/254 38/447/255 1019/341/10
f 1019/341/10 38/447/255 40/448/256 1020/343/11
f 1020/343/11 40/448/256 42/449/257 1021/345/22
f 1021/345/22 42/449/257 44/450/258 1022/347/30
f 1022/347/30 44/450/258 46/451/259 1023/349/138
f 1023/349/138 46/451/259 48/452/260 1024/351/46
f 1024/351/46 48/452/260 50/453/261 1025/353/135
f 1025/353/135 50/453/261 52/454/262 1026/355/58
f 1026/355/58 52/454/262 54/455/263 1027/357/64
f 1027/357/64 54/455/263 56/456/264 1028/359/74
f 1028/359/74 56/456/264 58/457/265 1029/361/130
f 1029/361/130 58/457/265 60/458/266 1030/363/88
f 1030/363/88 60/458/266 62/459/267 1031/365/96
f 1031/365/96 62/459/267 64/460/268 1032/367/126
f 1032/367/126 64/460/268 66/461/269 1033/369/7
f 1033/369/7 66/461/269 68/462/270 1034/371/20
f 1034/371/20 68/462/270 70/463/271 1035/373/28
f 1035/373/28 70/463/271 72/464/272 1036/375/121
f 1036/375/121 72/464/272 74/465/273 1037/377/44
f 1037/377/44 74/465/273 76/466/274 1038/379/202
f 1038/379/202 76/466/274 78/467/275 1039/381/205
f 1039/381/205 78/467/275 80/468/276 1040/385/62
f 1040/385/62 80/468/276 82/469/277 1041/387/113
f 1041/387/113 82/469/277 84/470/278 1042/389/78
f 1042/389/78 84/470/278 86/471/279 1043/391/84
f 1043/391/84 86/471/279 88/472/280 1044/393/92
f 1044/393/92 88/472/280 90/473/281 1045/395/100
f 1045/395/100 90/473/281 92/474/282 1046/397/14
f 1046/397/14 92/474/282 94/475/283 1047/399/15
f 1047/399/15 94/475/283 96/476/284 1048/401/105
f 1048/401/105 96/476/284 98/477/285 1049/403/32
f 12/434/242 10/433/241 154/478/286 167/479/287
f 1049/403/32 98/477/285 100/480/288 1050/405/40
f 1050/405/40 100/480/288 2/481/237 1001/407/70
f 6/431/239 4/430/238 102/482/289 128/483/290
f 30/443/251 28/442/250 271/484/291 284/485/292
f 48/452/260 46/451/259 388/486/293 401/487/294
f 66/461/269 64/460/268 505/488/295 518/489/296
f 84/470/278 82/469/277 622/490/297 635/491/298
f 22/439/247 20/438/246 219/492/299 232/493/300
f 40/448/256 38/447/255 336/494/301 349/495/302
f 58/457/265 56/456/264 453/496/303 466/497/304
f 76/466/274 74/465/273 570/498/305 583/499/306
f 94/475/283 92/474/282 687/500/307 700/501/308
f 14/435/243 12/434/242 167/479/287 180/502/309
f 32/444/252 30/443/251 284/485/292 297/503/310
f 50/453/261 48/452/260 401/487/294 414/504/311
f 101/505/312 115/506/313 738/507/314 725/508/315 712/509/316 699/510/317 686/511/318 673/512/319 660/513/320 647/514/321 634/515/322 621/516/323 608/517/324 595/518/325 582/519/326 569/520/327 556/521/328 543/522/329 530/523/330 517/524/331 504/525/332 491/526/333 478/527/334 465/528/335 452/529/336 439/530/337 426/531/338 413/532/339 400/533/340 387/534/341 374/535/342 361/536/343 348/537/344 335/538/345 322/539/346 309/540/347 296/541/348 283/542/349 270/543/350 257/544/351 244/545/352 231/546/353 218/547/354 205/548/355 192/549/356 179/550/357 166/551/358 153/552/359 140/553/360 127/554/361
f 68/462/270 66/461/269 518/489/296 531/555/362
f 86/471/279 84/470/278 635/491/298 648/556/363
f 8/432/240 6/431/239 128/483/290 141/557/364
f 24/440/248 22/439/247 232/493/300 245/558/365
f 42/449/257 40/448/256 349/495/302 362/559/366
f 60/458/266 58/457/265 466/497/304 479/560/367
f 78/467/275 76/466/274 583/499/306 596/561/368
f 96/476/284 94/475/283 700/501/308 713/562/369
f 16/436/244 14/435/243 180/502/309 193/563/370
f 34/445/253 32/444/252 297/503/310 310/564/371
f 52/454/262 50/453/261 414/504/311 427/565/372
f 70/463/271 68/462/270 531/555/362 544/566/373
f 88/472/280 86/471/279 648/556/363 661/567/374
f 2/481/237 100/480/288 739/568/375 114/569/376
f 26/441/249 24/440/248 245/558/365 258/570/377
f 44/450/258 42/449/257 362/559/366 375/571/378
f 62/459/267 60/458/266 479/560/367 492/572/379
f 80/468/276 78/467/275 596/561/368 609/573/380
f 98/477/285 96/476/284 713/562/369 726/574/381
f 18/437/245 16/436/244 193/563/370 206/575/382
f 36/446/254 34/445/253 310/564/371 323/576/383
f 54/455/263 52/454/262 427/565/372 440/577/384
f 72/464/272 70/463/271 544/566/373 557/578/385
f 90/473/281 88/472/280 661/567/374 674/579/386
f 10/433/241 8/432/240 141/557/364 154/478/286
f 28/442/250 26/441/249 258/570/377 271/484/291
f 46/451/259 44/450/258 375/571/378 388/486/293
f 64/460/268 62/459/267 492/572/379 505/488/295
f 82/469/277 80/468/276 609/573/380 622/490/297
f 100/480/288 98/477/285 726/574/381 739/568/375
f 20/438/246 18/437/245 206/575/382 219/492/299
f 38/447/255 36/446/254 323/576/383 336/494/301
f 56/456/264 54/455/263 440/577/384 453/496/303
f 74/465/273 72/464/272 557/578/385 570/498/305
f 92/474/282 90/473/281 674/579/386 687/500/307
f 102/482/289 114/580/376 116/581/387 113/582/388
f 113/582/388 116/581/387 117/583/389 112/584/390
f 112/584/390 117/583/389 118/585/391 111/586/392
f 111/586/392 118/585/391 119/587/393 110/588/394
f 110/588/394 119/587/393 120/589/395 109/590/396
f 109/590/396 120/589/395 121/591/397 108/592/398
f 108/593/398 121/594/397 122/595/399 107/596/400
f 107/596/400 122/595/399 123/597/401 106/598/402
f 106/598/402 123/597/401 124/599/403 105/600/404
f 105/600/404 124/599/403 125/601/405 104/602/406
f 104/602/406 125/601/405 126/603/407 103/604/408
f 103/604/408 126/603/407 115/506/313 101/505/312
f 128/483/290 102/482/289 113/582/388 139/605/409
f 139/605/409 113/582/388 112/584/390 138/606/410
f 138/606/410 112/584/390 111/607/392 137/608/411
f 137/608/411 111/607/392 110/609/394 136/610/412
f 136/610/412 110/609/394 109/611/396 135/612/413
f 135/612/413 109/611/396 108/613/398 134/614/414
f 134/615/414 108/616/398 107/596/400 133/617/415
f 133/617/415 107/596/400 106/598/402 132/618/416
f 132/618/416 106/598/402 105/600/404 131/619/417
f 131/619/417 105/600/404 104/602/406 130/620/418
f 130/620/418 104/602/406 103/604/408 129/621/419
f 129/621/419 103/604/408 101/505/312 127/554/361
f 141/557/364 128/483/290 139/605/409 152/622/420
f 152/622/420 139/605/409 138/606/410 151/623/421
f 151/623/421 138/606/410 137/624/411 150/625/422
f 150/625/422 137/624/411 136/626/412 149/627/423
f 149/627/423 136/626/412 135/628/413 148/629/424
f 148/629/424 135/628/413 134/630/414 147/631/425
f 147/632/425 134/633/414 133/617/415 146/634/426
f 146/634/426 133/617/415 132/618/416 145/635/427
f 145/635/427 132/618/416 131/619/417 144/636/428
f 144/636/428 131/619/417 130/620/418 143/637/429
f 143/637/429 130/620/418 129/621/419 142/638/430
f 142/638/430 129/621/419 127/554/361 140/553/360
f 154/478/286 141/557/364 152/622/420 165/639/431
f 165/639/431 152/622/420 151/623/421 164/640/432
f 164/640/432 151/623/421 150/641/422 163/642/433
f 163/642/433 150/641/422 149/643/423 162/644/434
f 162/644/434 149/643/423 148/645/424 161/646/435
f 161/646/435 148/645/424 147/647/425 160/648/436
f 160/649/436 147/650/425 146/634/426 159/651/437
f 159/651/437 146/634/426 145/635/427 158/652/438
f 158/652/438 145/635/427 144/636/428 157/653/439
f 157/653/439 144/636/428 143/637/429 156/654/440
f 156/654/440 143/637/429 142/638/430 155/655/441
f 155/655/441 142/638/430 140/553/360 153/552/359
f 167/479/287 154/478/286 165/639/431 178/656/442
f 178/656/442 165/639/431 164/640/432 177/657/443
f 177/657/443 164/640/432 163/658/433 176/659/444
f 176/659/444 163/658/433 162/660/434 175/661/445
f 175/661/445 162/660/434 161/662/435 174/663/446
f 174/663/446 161/662/435 160/664/436 173/665/447
f 173/666/447 160/667/436 159/651/437 172/668/448
f 172/668/448 159/651/437 158/652/438 171/669/449
f 171/669/449 158/652/438 157/653/439 170/670/450
f 170/670/450 157/653/439 156/654/440 169/671/451
f 169/671/451 156/654/440 155/655/441 168/672/452
f 168/672/452 155/655/441 153/552/359 166/551/358
f 180/502/309 167/479/287 178/656/442 191/673/453
f 191/673/453 178/656/442 177/657/443 190/674/454
f 190/674/454 177/657/443 176/675/444 189/676/455
f 189/676/455 176/675/444 175/677/445 188/678/456
f 188/678/456 175/677/445 174/679/446 187/680/457
f 187/680/457 174/679/446 173/681/447 186/682/458
f 186/683/458 173/684/447 172/668/448 185/685/459
f 185/685/459 172/668/448 171/669/449 184/686/460
f 184/686/460 171/669/449 170/670/450 183/687/461
f 183/687/461 170/670/450 169/671/451 182/688/462
f 182/688/462 169/671/451 168/672/452 181/689/463
f 181/689/463 168/672/452 166/551/358 179/550/357
f 193/563/370 180/502/309 191/673/453 204/690/464
f 204/690/464 191/673/453 190/674/454 203/691/465
f 203/691/465 190/674/454 189/692/455 202/693/466
f 202/693/466 189/692/455 188/694/456 201/695/467
f 201/695/467 188/694/456 187/696/457 200/697/468
f 200/697/468 187/696/457 186/698/458 199/699/469
f 199/700/469 186/701/458 185/685/459 198/702/470
f 198/702/470 185/685/459 184/686/460 197/703/471
f 197/703/471 184/686/460 183/687/461 196/704/472
f 196/704/472 183/687/461 182/688/462 195/705/473
f 195/705/473 182/688/462 181/689/463 194/706/474
f 194/706/474 181/689/463 179/550/357 192/549/356
f 206/575/382 193/563/370 204/690/464 217/707/475
f 217/707/475 204/690/464 203/691/465 216/708/476
f 216/708/476 203/691/465 202/709/466 215/710/477
f 215/710/477 202/709/466 201/711/467 214/712/478
f 214/712/478 201/711/467 200/713/468 213/714/479
f 213/714/479 200/713/468 199/715/469 212/716/480
f 212/717/480 199/718/469 198/702/470 211/719/481
f 211/719/481 198/702/470 197/703/471 210/720/482
f 210/720/482 197/703/471 196/704/472 209/721/483
f 209/721/483 196/704/472 195/705/473 208/722/484
f 208/722/484 195/705/473 194/706/474 207/723/485
f 207/723/485 194/706/474 192/549/356 205/548/355
f 219/492/299 206/575/382 217/707/475 230/724/486
f 230/724/486 217/707/475 216/725/476 229/726/487
f 229/726/487 216/725/476 215/727/477 228/728/488
f 228/728/488 215/727/477 214/729/478 227/730/489
f 227/730/489 214/729/478 213/731/479 226/732/490
f 226/732/490 213/731/479 212/733/480 225/734/491
f 225/735/491 212/736/480 211/719/481 224/737/492
f 224/737/492 211/719/481 210/720/482 223/738/493
f 223/738/493 210/720/482 209/721/483 222/739/494
f 222/739/494 209/721/483 208/722/484 221/740/495
f 221/740/495 208/722/484 207/723/485 220/741/496
f 220/741/496 207/723/485 205/548/355 218/547/354
f 232/493/300 219/492/299 230/724/486 243/742/497
f 243/742/497 230/724/486 229/726/487 242/743/498
f 242/743/498 229/726/487 228/744/488 241/745/499
f 241/745/499 228/744/488 227/746/489 240/747/500
f 240/747/500 227/746/489 226/748/490 239/749/501
f 239/749/501 226/748/490 225/750/491 238/751/502
f 238/752/502 225/753/491 224/737/492 237/754/503
f 237/754/503 224/737/492 223/738/493 236/755/504
f 236/755/504 223/738/493 222/739/494 235/756/505
f 235/756/505 222/739/494 221/740/495 234/757/506
f 234/757/506 221/740/495 220/741/496 233/758/507
f 233/758/507 220/741/496 218/547/354 231/546/353
f 245/558/365 232/493/300 243/742/497 256/759/508
f 256/759/508 243/742/497 242/743/498 255/760/509
f 255/760/509 242/743/498 241/761/499 254/762/510
f 254/762/510 241/761/499 240/763/500 253/764/511
f 253/764/511 240/763/500 239/765/501 252/766/512
f 252/766/512 239/765/501 238/767/502 251/768/513
f 251/769/513 238/770/502 237/754/503 250/771/514
f 250/771/514 237/754/503 236/755/504 249/772/515
f 249/772/515 236/755/504 235/756/505 248/773/516
f 248/773/516 235/756/505 234/757/506 247/774/517
f 247/774/517 234/757/506 233/758/507 246/775/518
f 246/775/518 233/758/507 231/546/353 244/545/352
f 258/570/377 245/558/365 256/759/508 269/776/519
f 269/776/519 256/759/508 255/760/509 268/777/520
f 268/777/520 255/760/509 254/778/510 267/779/521
f 267/779/521 254/778/510 253/780/511 266/781/522
f 266/781/522 253/780/511 252/782/512 265/783/523
f 265/783/523 252/782/512 251/784/513 264/785/524
f 264/786/524 251/787/513 250/771/514 263/788/525
f 263/788/525 250/771/514 249/772/515 262/789/526
f 262/789/526 249/772/515 248/773/516 261/790/527
f 261/790/527 248/773/516 247/774/517 260/791/528
f 260/791/528 247/774/517 246/775/518 259/792/529
f 259/792/529 246/775/518 244/545/352 257/544/351
f 271/484/291 258/570/377 269/776/519 282/793/530
f 282/793/530 269/776/519 268/777/520 281/794/531
f 281/794/531 268/777/520 267/795/521 280/796/532
f 280/796/532 267/795/521 266/797/522 279/798/533
f 279/798/533 266/797/522 265/799/523 278/800/534
f 278/800/534 265/799/523 264/801/524 277/802/535
f 277/803/535 264/804/524 263/788/525 276/805/536
f 276/805/536 263/788/525 262/789/526 275/806/537
f 275/806/537 262/789/526 261/790/527 274/807/538
f 274/807/538 261/790/527 260/791/528 273/808/539
f 273/808/539 260/791/528 259/792/529 272/809/540
f 272/809/540 259/792/529 257/544/351 270/543/350
f 284/485/292 271/484/291 282/793/530 295/810/541
f 295/810/541 282/793/530 281/794/531 294/811/542
f 294/811/542 281/794/531 280/812/532 293/813/543
f 293/813/543 280/812/532 279/814/533 292/815/544
f 292/815/544 279/814/533 278/816/534 291/817/545
f 291/817/545 278/816/534 277/818/535 290/819/546
f 290/820/546 277/821/535 276/805/536 289/822/547
f 289/822/547 276/805/536 275/806/537 288/823/548
f 288/823/548 275/806/537 274/807/538 287/824/549
f 287/824/549 274/807/538 273/808/539 286/825/550
f 286/825/550 273/808/539 272/809/540 285/826/551
f 285/826/551 272/809/540 270/543/350 283/542/349
f 297/503/310 284/485/292 295/810/541 308/827/552
f 308/827/552 295/810/541 294/811/542 307/828/553
f 307/828/553 294/811/542 293/829/543 306/830/554
f 306/830/554 293/829/543 292/831/544 305/832/555
f 305/832/555 292/831/544 291/833/545 304/834/556
f 304/834/556 291/833/545 290/835/546 303/836/557
f 303/837/557 290/838/546 289/822/547 302/839/558
f 302/839/558 289/822/547 288/823/548 301/840/559
f 301/840/559 288/823/548 287/824/549 300/841/560
f 300/841/560 287/824/549 286/825/550 299/842/561
f 299/842/561 286/825/550 285/826/551 298/843/562
f 298/843/562 285/826/551 283/542/349 296/541/348
f 310/564/371 297/503/310 308/827/552 321/844/563
f 321/844/563 308/827/552 307/828/553 320/845/564
f 320/845/564 307/828/553 306/846/554 319/847/565
f 319/847/565 306/846/554 305/848/555 318/849/566
f 318/849/566 305/848/555 304/850/556 317/851/567
f 317/851/567 304/850/556 303/852/557 316/853/568
f 316/854/568 303/855/557 302/839/558 315/856/569
f 315/856/569 302/839/558 301/840/559 314/857/570
f 314/857/570 301/840/559 300/841/560 313/858/571
f 313/858/571 300/841/560 299/842/561 312/859/572
f 312/859/572 299/842/561 298/843/562 311/860/573
f 311/860/573 298/843/562 296/541/348 309/540/347
f 323/576/383 310/564/371 321/844/563 334/861/574
f 334/861/574 321/844/563 320/845/564 333/862/575
f 333/862/575 320/845/564 319/863/565 332/864/576
f 332/864/576 319/863/565 318/865/566 331/866/577
f 331/866/577 318/865/566 317/867/567 330/868/578
f 330/868/578 317/867/567 316/869/568 329/870/579
f 329/871/579 316/872/568 315/856/569 328/873/580
f 328/873/580 315/856/569 314/857/570 327/874/581
f 327/874/581 314/857/570 313/858/571 326/875/582
f 326/875/582 313/858/571 312/859/572 325/876/583
f 325/876/583 312/859/572 311/860/573 324/877/584
f 324/877/584 311/860/573 309/540/347 322/539/346
f 336/494/301 323/576/383 334/861/574 347/878/585
f 347/878/585 334/861/574 333/862/575 346/879/586
f 346/879/586 333/862/575 332/880/576 345/881/587
f 345/881/587 332/880/576 331/882/577 344/883/588
f 344/883/588 331/882/577 330/884/578 343/885/589
f 343/885/589 330/884/578 329/886/579 342/887/590
f 342/888/590 329/889/579 328/873/580 341/890/591
f 341/890/591 328/873/580 327/874/581 340/891/592
f 340/891/592 327/874/581 326/875/582 339/892/593
f 339/892/593 326/875/582 325/876/583 338/893/594
f 338/893/594 325/876/583 324/877/584 337/894/595
f 337/894/595 324/877/584 322/539/346 335/538/345
f 349/495/302 336/494/301 347/878/585 360/895/596
f 360/895/596 347/878/585 346/879/586 359/896/597
f 359/896/597 346/879/586 345/897/587 358/898/598
f 358/898/598 345/897/587 344/899/588 357/900/599
f 357/900/599 344/899/588 343/901/589 356/902/600
f 356/902/600 343/901/589 342/903/590 355/904/601
f 355/905/601 342/906/590 341/890/591 354/907/602
f 354/907/602 341/890/591 340/891/592 353/908/603
f 353/908/603 340/891/592 339/892/593 352/909/604
f 352/909/604 339/892/593 338/893/594 351/910/605
f 351/910/605 338/893/594 337/894/595 350/911/606
f 350/911/606 337/894/595 335/538/345 348/537/344
f 362/559/366 349/495/302 360/895/596 373/912/607
f 373/912/607 360/895/596 359/896/597 372/913/608
f 372/913/608 359/896/597 358/914/598 371/915/609
f 371/915/609 358/914/598 357/916/599 370/917/610
f 370/917/610 357/916/599 356/918/600 369/919/611
f 369/919/611 356/918/600 355/920/601 368/921/612
f 368/922/612 355/923/601 354/907/602 367/924/613
f 367/924/613 354/907/602 353/908/603 366/925/614
f 366/925/614 353/908/603 352/909/604 365/926/615
f 365/926/615 352/909/604 351/910/605 364/927/616
f 364/927/616 351/910/605 350/911/606 363/928/617
f 363/928/617 350/911/606 348/537/344 361/536/343
f 375/571/378 362/559/366 373/912/607 386/929/618
f 386/929/618 373/912/607 372/913/608 385/930/619
f 385/930/619 372/913/608 371/931/609 384/932/620
f 384/932/620 371/931/609 370/933/610 383/934/621
f 383/934/621 370/933/610 369/935/611 382/936/622
f 382/936/622 369/935/611 368/937/612 381/938/623
f 381/939/623 368/940/612 367/924/613 380/941/624
f 380/941/624 367/924/613 366/925/614 379/942/625
f 379/942/625 366/925/614 365/926/615 378/943/626
f 378/943/626 365/926/615 364/927/616 377/944/627
f 377/944/627 364/927/616 363/928/617 376/945/628
f 376/945/628 363/928/617 361/536/343 374/535/342
f 388/486/293 375/571/378 386/929/618 399/946/629
f 399/946/629 386/929/618 385/947/619 398/948/630
f 398/948/630 385/947/619 384/949/620 397/950/631
f 397/950/631 384/949/620 383/951/621 396/952/632
f 396/952/632 383/951/621 382/953/622 395/954/633
f 395/954/633 382/953/622 381/955/623 394/956/634
f 394/957/634 381/958/623 380/941/624 393/959/635
f 393/959/635 380/941/624 379/942/625 392/960/636
f 392/960/636 379/942/625 378/943/626 391/961/637
f 391/961/637 378/943/626 377/944/627 390/962/638
f 390/962/638 377/944/627 376/945/628 389/963/639
f 389/963/639 376/945/628 374/535/342 387/534/341
f 401/487/294 388/486/293 399/946/629 412/964/640
f 412/964/640 399/946/629 398/965/630 411/966/641
f 411/966/641 398/965/630 397/967/631 410/968/642
f 410/968/642 397/967/631 396/969/632 409/970/643
f 409/970/643 396/969/632 395/971/633 408/972/644
f 408/972/644 395/971/633 394/973/634 407/974/645
f 407/975/645 394/976/634 393/959/635 406/977/646
f 406/977/646 393/959/635 392/960/636 405/978/647
f 405/978/647 392/960/636 391/961/637 404/979/648
f 404/979/648 391/961/637 390/962/638 403/980/649
f 403/980/649 390/962/638 389/963/639 402/981/650
f 402/981/650 389/963/639 387/534/341 400/533/340
f 414/504/311 401/487/294 412/964/640 425/982/651
f 425/982/651 412/964/640 411/966/641 424/983/652
f 424/983/652 411/966/641 410/984/642 423/985/653
f 423/985/653 410/984/642 409/986/643 422/987/654
f 422/987/654 409/986/643 408/988/644 421/989/655
f 421/989/655 408/988/644 407/990/645 420/991/656
f 420/992/656 407/993/645 406/977/646 419/994/657
f 419/994/657 406/977/646 405/978/647 418/995/658
f 418/995/658 405/978/647 404/979/648 417/996/659
f 417/996/659 404/979/648 403/980/649 416/997/660
f 416/997/660 403/980/649 402/981/650 415/998/661
f 415/998/661 402/981/650 400/533/340 413/532/339
f 427/565/372 414/504/311 425/982/651 438/999/662
f 438/999/662 425/982/651 424/1000/652 437/1001/663
f 437/1001/663 424/1000/652 423/1002/653 436/1003/664
f 436/1003/664 423/1002/653 422/1004/654 435/1005/665
f 435/1005/665 422/1004/654 421/1006/655 434/1007/666
f 434/1007/666 421/1006/655 420/1008/656 433/1009/667
f 433/1010/667 420/1011/656 419/994/657 432/1012/668
f 432/1012/668 419/994/657 418/995/658 431/1013/669
f 431/1013/669 418/995/658 417/996/659 430/1014/670
f 430/1014/670 417/996/659 416/997/660 429/1015/671
f 429/1015/671 416/997/660 415/998/661 428/1016/672
f 428/1016/672 415/998/661 413/532/339 426/531/338
f 440/577/384 427/565/372 438/999/662 451/1017/673
f 451/1017/673 438/999/662 437/1001/663 450/1018/674
f 450/1018/674 437/1001/663 436/1019/664 449/1020/675
f 449/1020/675 436/1019/664 435/1021/665 448/1022/676
f 448/1022/676 435/1021/665 434/1023/666 447/1024/677
f 447/1024/677 434/1023/666 433/1025/667 446/1026/678
f 446/1027/678 433/1028/667 432/1012/668 445/1029/679
f 445/1029/679 432/1012/668 431/1013/669 444/1030/680
f 444/1030/680 431/1013/669 430/1014/670 443/1031/681
f 443/1031/681 430/1014/670 429/1015/671 442/1032/682
f 442/1032/682 429/1015/671 428/1016/672 441/1033/683
f 441/1033/683 428/1016/672 426/531/338 439/530/337
f 453/496/303 440/577/384 451/1017/673 464/1034/684
f 464/1034/684 451/1017/673 450/1035/674 463/1036/685
f 463/1036/685 450/1035/674 449/1037/675 462/1038/686
f 462/1038/686 449/1037/675 448/1039/676 461/1040/687
f 461/1040/687 448/1039/676 447/1041/677 460/1042/688
f 460/1042/688 447/1041/677 446/1043/678 459/1044/689
f 459/1045/689 446/1046/678 445/1029/679 458/1047/690
f 458/1047/690 445/1029/679 444/1030/680 457/1048/691
f 457/1048/691 444/1030/680 443/1031/681 456/1049/692
f 456/1049/692 443/1031/681 442/1032/682 455/1050/693
f 455/1050/693 442/1032/682 441/1033/683 454/1051/694
f 454/1051/694 441/1033/683 439/530/337 452/529/336
f 466/497/304 453/496/303 464/1034/684 477/1052/695
f 477/1052/695 464/1034/684 463/1053/685 476/1054/696
f 476/1054/696 463/1053/685 462/1055/686 475/1056/697
f 475/1056/697 462/1055/686 461/1057/687 474/1058/698
f 474/1058/698 461/1057/687 460/1059/688 473/1060/699
f 473/1060/699 460/1059/688 459/1061/689 472/1062/700
f 472/1063/700 459/1064/689 458/1047/690 471/1065/701
f 471/1065/701 458/1047/690 457/1048/691 470/1066/702
f 470/1066/702 457/1048/691 456/1049/692 469/1067/703
f 469/1067/703 456/1049/692 455/1050/693 468/1068/704
f 468/1068/704 455/1050/693 454/1051/694 467/1069/705
f 467/1069/705 454/1051/694 452/529/336 465/528/335
f 479/560/367 466/497/304 477/1052/695 490/1070/706
f 490/1070/706 477/1052/695 476/1071/696 489/1072/707
f 489/1072/707 476/1071/696 475/1073/697 488/1074/708
f 488/1074/708 475/1073/697 474/1075/698 487/1076/709
f 487/1076/709 474/1075/698 473/1077/699 486/1078/710
f 486/1078/710 473/1077/699 472/1079/700 485/1080/711
f 485/1081/711 472/1082/700 471/1065/701 484/1083/712
f 484/1083/712 471/1065/701 470/1066/702 483/1084/713
f 483/1084/713 470/1066/702 469/1067/703 482/1085/714
f 482/1085/714 469/1067/703 468/1068/704 481/1086/715
f 481/1086/715 468/1068/704 467/1069/705 480/1087/716
f 480/1087/716 467/1069/705 465/528/335 478/527/334
f 492/572/379 479/560/367 490/1070/706 503/1088/717
f 503/1088/717 490/1070/706 489/1089/707 502/1090/718
f 502/1090/718 489/1089/707 488/1091/708 501/1092/719
f 501/1092/719 488/1091/708 487/1093/709 500/1094/720
f 500/1094/720 487/1093/709 486/1095/710 499/1096/721
f 499/1096/721 486/1095/710 485/1097/711 498/1098/722
f 498/1099/722 485/1100/711 484/1083/712 497/1101/723
f 497/1101/723 484/1083/712 483/1084/713 496/1102/724
f 496/1102/724 483/1084/713 482/1085/714 495/1103/725
f 495/1103/725 482/1085/714 481/1086/715 494/1104/726
f 494/1104/726 481/1086/715 480/1087/716 493/1105/727
f 493/1105/727 480/1087/716 478/527/334 491/526/333
f 505/488/295 492/572/379 503/1088/717 516/1106/728
f 516/1106/728 503/1088/717 502/1090/718 515/1107/729
f 515/1107/729 502/1090/718 501/1108/719 514/1109/730
f 514/1109/730 501/1108/719 500/1110/720 513/1111/731
f 513/1111/731 500/1110/720 499/1112/721 512/1113/732
f 512/1113/732 499/1112/721 498/1114/722 511/1115/733
f 511/1116/733 498/1117/722 497/1101/723 510/1118/734
f 510/1118/734 497/1101/723 496/1102/724 509/1119/735
f 509/1119/735 496/1102/724 495/1103/725 508/1120/736
f 508/1120/736 495/1103/725 494/1104/726 507/1121/737
f 507/1121/737 494/1104/726 493/1105/727 506/1122/738
f 506/1122/738 493/1105/727 491/526/333 504/525/332
f 518/489/296 505/488/295 516/1106/728 529/1123/739
f 529/1123/739 516/1106/728 515/1107/729 528/1124/740
f 528/1124/740 515/1107/729 514/1125/730 527/1126/741
f 527/1126/741 514/1125/730 513/1127/731 526/1128/742
f 526/1128/742 513/1127/731 512/1129/732 525/1130/743
f 525/1130/743 512/1129/732 511/1131/733 524/1132/744
f 524/1133/744 511/1134/733 510/1118/734 523/1135/745
f 523/1135/745 510/1118/734 509/1119/735 522/1136/746
f 522/1136/746 509/1119/735 508/1120/736 521/1137/747
f 521/1137/747 508/1120/736 507/1121/737 520/1138/748
f 520/1138/748 507/1121/737 506/1122/738 519/1139/749
f 519/1139/749 506/1122/738 504/525/332 517/524/331
f 531/555/362 518/489/296 529/1123/739 542/1140/750
f 542/1140/750 529/1123/739 528/1141/740 541/1142/751
f 541/1142/751 528/1141/740 527/1143/741 540/1144/752
f 540/1144/752 527/1143/741 526/1145/742 539/1146/753
f 539/1146/753 526/1145/742 525/1147/743 538/1148/754
f 538/1148/754 525/1147/743 524/1149/744 537/1150/755
f 537/1151/755 524/1152/744 523/1135/745 536/1153/756
f 536/1153/756 523/1135/745 522/1136/746 535/1154/757
f 535/1154/757 522/1136/746 521/1137/747 534/1155/758
f 534/1155/758 521/1137/747 520/1138/748 533/1156/759
f 533/1156/759 520/1138/748 519/1139/749 532/1157/760
f 532/1157/760 519/1139/749 517/524/331 530/523/330
f 544/566/373 531/555/362 542/1140/750 555/1158/761
f 555/1158/761 542/1140/750 541/1159/751 554/1160/762
f 554/1160/762 541/1159/751 540/1161/752 553/1162/763
f 553/1162/763 540/1161/752 539/1163/753 552/1164/764
f 552/1164/764 539/1163/753 538/1165/754 551/1166/765
f 551/1166/765 538/1165/754 537/1167/755 550/1168/766
f 550/1169/766 537/1170/755 536/1153/756 549/1171/767
f 549/1171/767 536/1153/756 535/1154/757 548/1172/768
f 548/1172/768 535/1154/757 534/1155/758 547/1173/769
f 547/1173/769 534/1155/758 533/1156/759 546/1174/770
f 546/1174/770 533/1156/759 532/1157/760 545/1175/771
f 545/1175/771 532/1157/760 530/523/330 543/522/329
f 557/578/385 544/566/373 555/1158/761 568/1176/772
f 568/1176/772 555/1158/761 554/1177/762 567/1178/773
f 567/1178/773 554/1177/762 553/1179/763 566/1180/774
f 566/1180/774 553/1179/763 552/1181/764 565/1182/775
f 565/1182/775 552/1181/764 551/1183/765 564/1184/776
f 564/1184/776 551/1183/765 550/1185/766 563/1186/777
f 563/1187/777 550/1188/766 549/1171/767 562/1189/778
f 562/1189/778 549/1171/767 548/1172/768 561/1190/779
f 561/1190/779 548/1172/768 547/1173/769 560/1191/780
f 560/1191/780 547/1173/769 546/1174/770 559/1192/781
f 559/1192/781 546/1174/770 545/1175/771 558/1193/782
f 558/1193/782 545/1175/771 543/522/329 556/521/328
f 570/498/305 557/578/385 568/1176/772 581/1194/783
f 581/1194/783 568/1176/772 567/1178/773 580/1195/784
f 580/1195/784 567/1178/773 566/1196/774 579/1197/785
f 579/1197/785 566/1196/774 565/1198/775 578/1199/786
f 578/1199/786 565/1198/775 564/1200/776 577/1201/787
f 577/1201/787 564/1200/776 563/1202/777 576/1203/788
f 576/1204/788 563/1205/777 562/1189/778 575/1206/789
f 575/1206/789 562/1189/778 561/1190/779 574/1207/790
f 574/1207/790 561/1190/779 560/1191/780 573/1208/791
f 573/1208/791 560/1191/780 559/1192/781 572/1209/792
f 572/1209/792 559/1192/781 558/1193/782 571/1210/793
f 571/1210/793 558/1193/782 556/521/328 569/520/327
f 583/499/306 570/498/305 581/1194/783 594/1211/794
f 594/1211/794 581/1194/783 580/1195/784 593/1212/795
f 593/1212/795 580/1195/784 579/1213/785 592/1214/796
f 592/1214/796 579/1213/785 578/1215/786 591/1216/797
f 591/1216/797 578/1215/786 577/1217/787 590/1218/798
f 590/1218/798 577/1217/787 576/1219/788 589/1220/799
f 589/1221/799 576/1222/788 575/1206/789 588/1223/800
f 588/1223/800 575/1206/789 574/1207/790 587/1224/801
f 587/1224/801 574/1207/790 573/1208/791 586/1225/802
f 586/1225/802 573/1208/791 572/1209/792 585/1226/803
f 585/1226/803 572/1209/792 571/1210/793 584/1227/804
f 584/1227/804 571/1210/793 569/520/327 582/519/326
f 596/561/368 583/499/306 594/1211/794 607/1228/805
f 607/1228/805 594/1211/794 593/1212/795 606/1229/806
f 606/1229/806 593/1212/795 592/1230/796 605/1231/807
f 605/1231/807 592/1230/796 591/1232/797 604/1233/808
f 604/1233/808 591/1232/797 590/1234/798 603/1235/809
f 603/1235/809 590/1234/798 589/1236/799 602/1237/810
f 602/1238/810 589/1239/799 588/1223/800 601/1240/811
f 601/1240/811 588/1223/800 587/1224/801 600/1241/812
f 600/1241/812 587/1224/801 586/1225/802 599/1242/813
f 599/1242/813 586/1225/802 585/1226/803 598/1243/814
f 598/1243/814 585/1226/803 584/1227/804 597/1244/815
f 597/1244/815 584/1227/804 582/519/326 595/518/325
f 609/573/380 596/561/368 607/1228/805 620/1245/816
f 620/1245/816 607/1228/805 606/1229/806 619/1246/817
f 619/1246/817 606/1229/806 605/1247/807 618/1248/818
f 618/1248/818 605/1247/807 604/1249/808 617/1250/819
f 617/1250/819 604/1249/808 603/1251/809 616/1252/820
f 616/1252/820 603/1251/809 602/1253/810 615/1254/821
f 615/1255/821 602/1256/810 601/1240/811 614/1257/822
f 614/1257/822 601/1240/811 600/1241/812 613/1258/823
f 613/1258/823 600/1241/812 599/1242/813 612/1259/824
f 612/1259/824 599/1242/813 598/1243/814 611/1260/825
f 611/1260/825 598/1243/814 597/1244/815 610/1261/826
f 610/1261/826 597/1244/815 595/518/325 608/517/324
f 622/490/297 609/573/380 620/1245/816 633/1262/827
f 633/1262/827 620/1245/816 619/1246/817 632/1263/828
f 632/1263/828 619/1246/817 618/1264/818 631/1265/829
f 631/1265/829 618/1264/818 617/1266/819 630/1267/830
f 630/1267/830 617/1266/819 616/1268/820 629/1269/831
f 629/1269/831 616/1268/820 615/1270/821 628/1271/832
f 628/1272/832 615/1273/821 614/1257/822 627/1274/833
f 627/1274/833 614/1257/822 613/1258/823 626/1275/834
f 626/1275/834 613/1258/823 612/1259/824 625/1276/835
f 625/1276/835 612/1259/824 611/1260/825 624/1277/836
f 624/1277/836 611/1260/825 610/1261/826 623/1278/837
f 623/1278/837 610/1261/826 608/517/324 621/516/323
f 635/491/298 622/490/297 633/1262/827 646/1279/838
f 646/1279/838 633/1262/827 632/1263/828 645/1280/839
f 645/1280/839 632/1263/828 631/1281/829 644/1282/840
f 644/1282/840 631/1281/829 630/1283/830 643/1284/841
f 643/1284/841 630/1283/830 629/1285/831 642/1286/842
f 642/1286/842 629/1285/831 628/1287/832 641/1288/843
f 641/1289/843 628/1290/832 627/1274/833 640/1291/844
f 640/1291/844 627/1274/833 626/1275/834 639/1292/845
f 639/1292/845 626/1275/834 625/1276/835 638/1293/846
f 638/1293/846 625/1276/835 624/1277/836 637/1294/847
f 637/1294/847 624/1277/836 623/1278/837 636/1295/848
f 636/1295/848 623/1278/837 621/516/323 634/515/322
f 648/556/363 635/491/298 646/1279/838 659/1296/849
f 659/1296/849 646/1279/838 645/1280/839 658/1297/850
f 658/1297/850 645/1280/839 644/1298/840 657/1299/851
f 657/1299/851 644/1298/840 643/1300/841 656/1301/852
f 656/1301/852 643/1300/841 642/1302/842 655/1303/853
f 655/1303/853 642/1302/842 641/1304/843 654/1305/854
f 654/1306/854 641/1307/843 640/1291/844 653/1308/855
f 653/1308/855 640/1291/844 639/1292/845 652/1309/856
f 652/1309/856 639/1292/845 638/1293/846 651/1310/857
f 651/1310/857 638/1293/846 637/1294/847 650/1311/858
f 650/1311/858 637/1294/847 636/1295/848 649/1312/859
f 649/1312/859 636/1295/848 634/515/322 647/514/321
f 661/567/374 648/556/363 659/1296/849 672/1313/860
f 672/1313/860 659/1296/849 658/1297/850 671/1314/861
f 671/1314/861 658/1297/850 657/1315/851 670/1316/862
f 670/1316/862 657/1315/851 656/1317/852 669/1318/863
f 669/1318/863 656/1317/852 655/1319/853 668/1320/864
f 668/1320/864 655/1319/853 654/1321/854 667/1322/865
f 667/1323/865 654/1324/854 653/1308/855 666/1325/866
f 666/1325/866 653/1308/855 652/1309/856 665/1326/867
f 665/1326/867 652/1309/856 651/1310/857 664/1327/868
f 664/1327/868 651/1310/857 650/1311/858 663/1328/869
f 663/1328/869 650/1311/858 649/1312/859 662/1329/870
f 662/1329/870 649/1312/859 647/514/321 660/513/320
f 674/579/386 661/567/374 672/1313/860 685/1330/871
f 685/1330/871 672/1313/860 671/1314/861 684/1331/872
f 684/1331/872 671/1314/861 670/1332/862 683/1333/873
f 683/1333/873 670/1332/862 669/1334/863 682/1335/874
f 682/1335/874 669/1334/863 668/1336/864 681/1337/875
f 681/1337/875 668/1336/864 667/1338/865 680/1339/876
f 680/1340/876 667/1341/865 666/1325/866 679/1342/877
f 679/1342/877 666/1325/866 665/1326/867 678/1343/878
f 678/1343/878 665/1326/867 664/1327/868 677/1344/879
f 677/1344/879 664/1327/868 663/1328/869 676/1345/880
f 676/1345/880 663/1328/869 662/1329/870 675/1346/881
f 675/1346/881 662/1329/870 660/513/320 673/512/319
f 687/500/307 674/579/386 685/1330/871 698/1347/882
f 698/1347/882 685/1330/871 684/1331/872 697/1348/883
f 697/1348/883 684/1331/872 683/1349/873 696/1350/884
f 696/1350/884 683/1349/873 682/1351/874 695/1352/885
f 695/1352/885 682/1351/874 681/1353/875 694/1354/886
f 694/1354/886 681/1353/875 680/1355/876 693/1356/887
f 693/1357/887 680/1358/876 679/1342/877 692/1359/888
f 692/1359/888 679/1342/877 678/1343/878 691/1360/889
f 691/1360/889 678/1343/878 677/1344/879 690/1361/890
f 690/1361/890 677/1344/879 676/1345/880 689/1362/891
f 689/1362/891 676/1345/880 675/1346/881 688/1363/892
f 688/1363/892 675/1346/881 673/512/319 686/511/318
f 700/501/308 687/500/307 698/1347/882 711/1364/893
f 711/1364/893 698/1347/882 697/1348/883 710/1365/894
f 710/1365/894 697/1348/883 696/1366/884 709/1367/895
f 709/1367/895 696/1366/884 695/1368/885 708/1369/896
f 708/1369/896 695/1368/885 694/1370/886 707/1371/897
f 707/1371/897 694/1370/886 693/1372/887 706/1373/898
f 706/1374/898 693/1375/887 692/1359/888 705/1376/899
f 705/1376/899 692/1359/888 691/1360/889 704/1377/900
f 704/1377/900 691/1360/889 690/1361/890 703/1378/901
f 703/1378/901 690/1361/890 689/1362/891 702/1379/902
f 702/1379/902 689/1362/891 688/1363/892 701/1380/903
f 701/1380/903 688/1363/892 686/511/318 699/510/317
f 713/562/369 700/501/308 711/1364/893 724/1381/904
f 724/1381/904 711/1364/893 710/1365/894 723/1382/905
f 723/1382/905 710/1365/894 709/1383/895 722/1384/906
f 722/1384/906 709/1383/895 708/1385/896 721/1386/907
f 721/1386/907 708/1385/896 707/1387/897 720/1388/908
f 720/1388/908 707/1387/897 706/1389/898 719/1390/909
f 719/1391/909 706/1392/898 705/1376/899 718/1393/910
f 718/1393/910 705/1376/899 704/1377/900 717/1394/911
f 717/1394/911 704/1377/900 703/1378/901 716/1395/912
f 716/1395/912 703/1378/901 702/1379/902 715/1396/913
f 715/1396/913 702/1379/902 701/1380/903 714/1397/914
f 714/1397/914 701/1380/903 699/510/317 712/509/316
f 726/574/381 713/562/369 724/1381/904 737/1398/915
f 737/1398/915 724/1381/904 723/1382/905 736/1399/916
f 736/1399/916 723/1382/905 722/1400/906 735/1401/917
f 735/1401/917 722/1400/906 721/1402/907 734/1403/918
f 734/1403/918 721/1402/907 720/1404/908 733/1405/919
f 733/1405/919 720/1404/908 719/1406/909 732/1407/920
f 732/1408/920 719/1409/909 718/1393/910 731/1410/921
f 731/1410/921 718/1393/910 717/1394/911 730/1411/922
f 730/1411/922 717/1394/911 716/1395/912 729/1412/923
f 729/1412/923 716/1395/912 715/1396/913 728/1413/924
f 728/1413/924 715/1396/913 714/1397/914 727/1414/925
f 727/1414/925 714/1397/914 712/509/316 725/508/315
f 739/568/375 726/574/381 737/1398/915 750/1415/926
f 750/1415/926 737/1398/915 736/1399/916 749/1416/927
f 749/1416/927 736/1399/916 735/1417/917 748/1418/928
f 748/1418/928 735/1417/917 734/1419/918 747/1420/929
f 747/1420/929 734/1419/918 733/1421/919 746/1422/930
f 746/1422/930 733/1421/919 732/1423/920 745/1424/931
f 745/1425/931 732/1426/920 731/1410/921 744/1427/932
f 744/1427/932 731/1410/921 730/1411/922 743/1428/933
f 743/1428/933 730/1411/922 729/1412/923 742/1429/934
f 742/1429/934 729/1412/923 728/1413/924 741/1430/935
f 741/1430/935 728/1413/924 727/1414/925 740/1431/936
f 740/1431/936 727/1414/925 725/508/315 738/507/314
f 114/569/376 739/568/375 750/1415/926 116/1432/387
f 116/1432/387 750/1415/926 749/1433/927 117/1434/389
f 117/1434/389 749/1433/927 748/1435/928 118/1436/391
f 118/1436/391 748/1435/928 747/1437/929 119/1438/393
f 119/1438/393 747/1437/929 746/1439/930 120/1440/395
f 120/1440/395 746/1439/930 745/1441/931 121/1442/397
f 121/1443/397 745/1444/931 744/1427/932 122/595/399
f 122/595/399 744/1427/932 743/1428/933 123/597/401
f 123/597/401 743/1428/933 742/1429/934 124/599/403
f 124/599/403 742/1429/934 741/1430/935 125/601/405
f 125/601/405 741/1430/935 740/1431/936 126/603/407
f 126/603/407 740/1431/936 738/507/314 115/506/313
f 4/430/238 2/429/237 114/580/376 102/482/289
f 1347/1445/231 1152/1446/937 1052/307/164 1149/306/103
f 1152/1446/937 1156/1447/938 1054/302/162 1052/307/164
f 1150/297/160 1051/300/161 1151/1448/939 1348/1449/940
f 1053/304/163 1055/310/166 1159/1450/941 1155/1451/942
f 1156/1447/938 1160/1452/943 1056/296/159 1054/302/162
f 1055/310/166 1057/312/167 1163/1453/944 1159/1450/941
f 1160/1452/943 1164/1454/945 1058/294/157 1056/296/159
f 1057/312/167 1059/314/168 1167/1455/946 1163/1453/944
f 1164/1454/945 1168/1456/947 1060/292/156 1058/294/157
f 1059/314/168 1061/316/169 1171/1457/948 1167/1455/946
f 1168/1456/947 1172/1458/949 1062/290/155 1060/292/156
f 1061/316/169 1063/318/170 1175/1459/950 1171/1457/948
f 1172/1458/949 1176/1460/951 1064/288/154 1062/290/155
f 1063/318/170 1065/320/171 1179/1461/952 1175/1459/950
f 1176/1460/951 1180/1462/953 1066/286/153 1064/288/154
f 1065/320/171 1067/322/172 1183/1463/954 1179/1461/952
f 1180/1462/953 1184/1464/955 1068/284/152 1066/286/153
f 1067/322/172 1069/324/173 1187/1465/956 1183/1463/954
f 1184/1464/955 1188/1466/957 1070/282/151 1068/284/152
f 1069/324/173 1071/326/174 1191/1467/958 1187/1465/956
f 1188/1466/957 1192/1468/959 1072/280/150 1070/282/151
f 1071/326/174 1073/328/176 1195/1469/960 1191/1467/958
f 1192/1468/959 1196/1470/961 1074/278/149 1072/280/150
f 1073/328/176 1075/330/177 1199/1471/962 1195/1469/960
f 1196/1470/961 1200/1472/963 1076/276/148 1074/278/149
f 1075/330/177 1077/334/179 1203/1473/964 1199/1471/962
f 1200/1472/963 1204/1474/965 1078/274/147 1076/276/148
f 1077/334/179 1079/336/180 1207/1475/966 1203/1473/964
f 1204/1474/965 1208/1476/967 1080/272/146 1078/274/147
f 1079/336/180 1081/338/181 1211/1477/968 1207/1475/966
f 1208/1476/967 1212/1478/969 1082/270/145 1080/272/146
f 1081/338/181 1083/340/182 1215/1479/970 1211/1477/968
f 1212/1478/969 1216/1480/971 1084/268/144 1082/270/145
f 1083/340/182 1085/342/183 1219/1481/972 1215/1479/970
f 1216/1480/971 1220/1482/973 1086/266/143 1084/268/144
f 1085/342/183 1087/344/184 1223/1483/974 1219/1481/972
f 1220/1482/973 1224/1484/975 1088/264/142 1086/266/143
f 1087/344/184 1089/346/185 1227/1485/976 1223/1483/974
f 1224/1484/975 1228/1486/977 1090/262/141 1088/264/142
f 1089/346/185 1091/348/186 1231/1487/978 1227/1485/976
f 1228/1486/977 1232/1488/979 1092/260/140 1090/262/141
f 1091/348/186 1093/350/187 1235/1489/980 1231/1487/978
f 1232/1488/979 1236/1490/981 1094/258/139 1092/260/140
f 1093/350/187 1095/352/188 1239/1491/982 1235/1489/980
f 1236/1490/981 1240/1492/983 1096/256/137 1094/258/139
f 1095/352/188 1097/354/189 1243/1493/984 1239/1491/982
f 1240/1492/983 1244/1494/985 1098/254/136 1096/256/137
f 1097/354/189 1099/356/190 1247/1495/986 1243/1493/984
f 1244/1494/985 1248/1496/987 1100/252/134 1098/254/136
f 1099/356/190 1101/358/191 1251/1497/988 1247/1495/986
f 1248/1496/987 1252/1498/989 1102/250/133 1100/252/134
f 1101/358/191 1103/360/192 1255/1499/990 1251/1497/988
f 1252/1498/989 1256/1500/991 1104/248/132 1102/250/133
f 1103/360/192 1105/362/193 1259/1501/992 1255/1499/990
f 1256/1500/991 1260/1502/993 1106/246/131 1104/248/132
f 1105/362/193 1107/364/194 1263/1503/994 1259/1501/992
f 1260/1502/993 1264/1504/995 1108/244/129 1106/246/131
f 1107/364/194 1109/366/195 1267/1505/996 1263/1503/994
f 1264/1504/995 1268/1506/997 1110/242/128 1108/244/129
f 1109/366/195 1111/368/196 1271/1507/998 1267/1505/996
f 1268/1506/997 1272/1508/999 1112/240/127 1110/242/128
f 1111/368/196 1113/370/197 1275/1509/1000 1271/1507/998
f 1272/1508/999 1276/1510/1001 1114/238/125 1112/240/127
f 1113/370/197 1115/372/198 1279/1511/1002 1275/1509/1000
f 1276/1510/1001 1280/1512/1003 1116/236/124 1114/238/125
f 1115/372/198 1117/374/199 1283/1513/1004 1279/1511/1002
f 1280/1512/1003 1284/1514/1005 1118/234/123 1116/236/124
f 1117/374/199 1119/376/200 1287/1515/1006 1283/1513/1004
f 1284/1514/1005 1288/1516/1007 1120/232/122 1118/234/123
f 1119/376/200 1121/378/201 1291/1517/1008 1287/1515/1006
f 1288/1516/1007 1292/1518/1009 1122/230/120 1120/232/122
f 1121/378/201 1123/380/203 1295/1519/1010 1291/1517/1008
f 1292/1518/1009 1296/1520/1011 1124/228/119 1122/230/120
f 1123/380/203 1125/382/204 1299/1521/1012 1295/1519/1010
f 1296/1520/1011 1300/1522/1013 1126/226/117 1124/228/119
f 1125/382/204 1127/386/206 1303/1523/1014 1299/1521/1012
f 1300/1522/1013 1304/1524/1015 1128/224/115 1126/226/117
f 1127/386/206 1129/388/207 1307/1525/1016 1303/1523/1014
f 1304/1524/1015 1308/1526/1017 1130/222/114 1128/224/115
f 1129/388/207 1131/390/208 1311/1527/1018 1307/1525/1016
f 1308/1526/1017 1312/1528/1019 1132/220/112 1130/222/114
f 1131/390/208 1133/392/209 1315/1529/1020 1311/1527/1018
f 1312/1528/1019 1316/1530/1021 1134/218/111 1132/220/112
f 1133/392/209 1135/394/210 1319/1531/1022 1315/1529/1020
f 1316/1530/1021 1320/410/218 1136/216/110 1134/218/111
f 1135/394/210 1137/396/211 1323/1532/1023 1319/1531/1022
f 1320/410/218 1324/409/217 1138/214/109 1136/216/110
f 1137/396/211 1139/398/212 1327/1533/1024 1323/1532/1023
f 1324/409/217 1328/413/221 1140/212/108 1138/214/109
f 1139/398/212 1141/400/213 1331/1534/1025 1327/1533/1024
f 1328/413/221 1332/415/223 1142/210/107 1140/212/108
f 1141/400/213 1143/402/214 1335/1535/1026 1331/1534/1025
f 1332/415/223 1336/417/225 1144/208/106 1142/210/107
f 1143/402/214 1145/404/215 1339/1536/1027 1335/1535/1026
f 1336/417/225 1340/419/227 1146/206/104 1144/208/106
f 1145/404/215 1147/406/216 1343/1537/1028 1339/1536/1027
f 1340/419/227 1344/421/229 1148/202/102 1146/206/104
f 1147/406/216 1150/408/160 1348/1538/940 1343/1537/1028
f 1344/421/229 1347/423/231 1149/203/103 1148/202/102
f 1154/1539/1029 1349/1540/232 1350/1541/1030 1153/1542/1031
f 1158/1543/1032 1154/1539/1029 1153/1542/1031 1157/1544/1033
f 1162/1545/1034 1158/1543/1032 1157/1544/1033 1161/1546/1035
f 1166/1547/1036 1162/1545/1034 1161/1546/1035 1165/1548/1037
f 1170/1549/1038 1166/1547/1036 1165/1548/1037 1169/1550/1039
f 1174/1551/1040 1170/1549/1038 1169/1550/1039 1173/1552/1041
f 1178/1553/1042 1174/1551/1040 1173/1552/1041 1177/1554/1043
f 1182/1555/1044 1178/1553/1042 1177/1554/1043 1181/1556/1045
f 1186/1557/1046 1182/1555/1044 1181/1556/1045 1185/1558/1047
f 1190/1559/1048 1186/1557/1046 1185/1558/1047 1189/1560/1049
f 1194/1561/1050 1190/1559/1048 1189/1560/1049 1193/1562/1051
f 1198/1563/1052 1194/1561/1050 1193/1562/1051 1197/1564/1053
f 1202/1565/1054 1198/1563/1052 1197/1564/1053 1201/1566/1055
f 1206/1567/1056 1202/1565/1054 1201/1566/1055 1205/1568/1057
f 1210/1569/1058 1206/1567/1056 1205/1568/1057 1209/1570/1059
f 1214/1571/1060 1210/1569/1058 1209/1570/1059 1213/1572/1061
f 1218/1573/1062 1214/1571/1060 1213/1572/1061 1217/1574/1063
f 1222/1575/1064 1218/1573/1062 1217/1574/1063 1221/1576/1065
f 1226/1577/1066 1222/1575/1064 1221/1576/1065 1225/1578/1067
f 1230/1579/1068 1226/1577/1066 1225/1578/1067 1229/1580/1069
f 1234/1581/1070 1230/1579/1068 1229/1580/1069 1233/1582/1071
f 1238/1583/1072 1234/1581/1070 1233/1582/1071 1237/1584/1073
f 1242/1585/1074 1238/1583/1072 1237/1584/1073 1241/1586/1075
f 1246/1587/1076 1242/1585/1074 1241/1586/1075 1245/1588/1077
f 1250/1589/1078 1246/1587/1076 1245/1588/1077 1249/1590/1079
f 1254/1591/1080 1250/1589/1078 1249/1590/1079 1253/1592/1081
f 1258/1593/1082 1254/1591/1080 1253/1592/1081 1257/1594/1083
f 1262/1595/1084 1258/1593/1082 1257/1594/1083 1261/1596/1085
f 1266/1597/1086 1262/1595/1084 1261/1596/1085 1265/1598/1087
f 1270/1599/1088 1266/1597/1086 1265/1598/1087 1269/1600/1089
f 1274/1601/1090 1270/1599/1088 1269/1600/1089 1273/1602/1091
f 1278/1603/1092 1274/1601/1090 1273/1602/1091 1277/1604/1093
f 1282/1605/1094 1278/1603/1092 1277/1604/1093 1281/1606/1095
f 1286/1607/1096 1282/1605/1094 1281/1606/1095 1285/1608/1097
f 1290/1609/1098 1286/1607/1096 1285/1608/1097 1289/1610/1099
f 1294/1611/1100 1290/1609/1098 1289/1610/1099 1293/1612/1101
f 1298/1613/1102 1294/1611/1100 1293/1612/1101 1297/1614/1103
f 1302/1615/1104 1298/1613/1102 1297/1614/1103 1301/1616/1105
f 1306/1617/1106 1302/1615/1104 1301/1616/1105 1305/1618/1107
f 1310/1619/1108 1306/1617/1106 1305/1618/1107 1309/1620/1109
f 1314/1621/1110 1310/1619/1108 1309/1620/1109 1313/1622/1111
f 1318/1623/1112 1314/1621/1110 1313/1622/1111 1317/1624/1113
f 1322/411/219 1318/1623/1112 1317/1624/1113 1321/1625/1114
f 1326/412/220 1322/411/219 1321/1625/1114 1325/1626/1115
f 1330/414/222 1326/412/220 1325/1626/1115 1329/1627/1116
f 1334/416/224 1330/414/222 1329/1627/1116 1333/1628/1117
f 1338/418/226 1334/416/224 1333/1628/1117 1337/1629/1118
f 1342/420/228 1338/418/226 1337/1629/1118 1341/1630/1119
f 1346/422/230 1342/420/228 1341/1630/1119 1345/1631/1120
f 1349/424/232 1346/422/230 1345/1631/1120 1350/1632/1030
f 1051/300/161 1053/304/163 1155/1451/942 1151/1448/939
usemtl Rocket_wing
f 840/128/57 841/131/63 891/1633/1121 890/1634/1122
f 912/1635/1123 913/1636/1124 964/163/1124 963/162/1123
f 827/129/59 828/132/65 878/1637/1125 877/1638/1126
f 814/130/61 815/133/67 865/1639/1127 864/1640/1128
f 841/131/63 842/134/69 892/1641/1129 891/1633/1121
f 801/136/73 802/135/72 852/1642/1130 851/1643/1131
f 828/132/65 829/137/75 879/1644/1132 878/1637/1125
f 815/133/67 816/138/77 866/1645/1133 865/1639/1127
f 842/134/69 843/139/79 893/1646/1134 892/1641/1129
f 803/120/41 801/136/73 851/1643/1131 853/1647/1135
f 829/137/75 830/140/81 880/1648/1136 879/1644/1132
f 816/138/77 817/141/83 867/1649/1137 866/1645/1133
f 843/139/79 844/142/85 894/1650/1138 893/1646/1134
f 802/135/72 804/143/87 854/1651/1139 852/1642/1130
f 830/140/81 831/144/89 881/1652/1140 880/1648/1136
f 817/141/83 818/145/91 868/1653/1141 867/1649/1137
f 844/142/85 845/146/93 895/1654/1142 894/1650/1138
f 804/143/87 805/147/95 855/1655/1143 854/1651/1139
f 831/144/89 832/148/97 882/1656/1144 881/1652/1140
f 818/145/91 819/149/99 869/1657/1145 868/1653/1141
f 845/146/93 846/150/101 896/1658/1146 895/1654/1142
f 805/147/95 806/4/4 856/1659/1147 855/1655/1143
f 832/148/97 833/104/9 883/1660/1148 882/1656/1144
f 819/149/99 820/106/13 870/1661/1149 869/1657/1145
f 846/150/101 847/108/17 897/1662/1150 896/1658/1146
f 806/4/4 807/3/3 857/1663/1151 856/1659/1147
f 833/104/9 834/103/8 884/1664/1152 883/1660/1148
f 820/106/13 821/105/12 871/1665/1153 870/1661/1149
f 847/108/17 848/107/16 898/1666/1154 897/1662/1150
f 807/3/3 808/109/19 858/1667/1155 857/1663/1151
f 834/103/8 835/110/21 885/1668/1156 884/1664/1152
f 821/105/12 822/111/23 872/1669/1157 871/1665/1153
f 848/107/16 849/112/25 899/1670/1158 898/1666/1154
f 808/109/19 809/113/27 859/1671/1159 858/1667/1155
f 835/110/21 836/114/29 886/1672/1160 885/1668/1156
f 822/111/23 823/115/31 873/1673/1161 872/1669/1157
f 849/112/25 850/116/33 900/1674/1162 899/1670/1158
f 809/113/27 810/117/35 860/1675/1163 859/1671/1159
f 836/114/29 837/118/37 887/1676/1164 886/1672/1160
f 823/115/31 824/119/39 874/1677/1165 873/1673/1161
f 850/116/33 803/120/41 853/1647/1135 900/1674/1162
f 810/117/35 811/121/43 861/1678/1166 860/1675/1163
f 837/118/37 838/122/45 888/1679/1167 887/1676/1164
f 824/119/39 825/123/47 875/1680/1168 874/1677/1165
f 811/121/43 812/124/49 862/1681/1169 861/1678/1166
f 838/122/45 839/125/51 889/1682/1170 888/1679/1167
f 825/123/47 826/126/53 876/1683/1171 875/1680/1168
f 812/124/49 813/127/55 863/1684/1172 862/1681/1169
f 839/125/51 840/128/57 890/1634/1122 889/1682/1170
f 826/126/53 827/129/59 877/1638/1126 876/1683/1171
f 813/127/55 814/130/61 864/1640/1128 863/1684/1172
f 851/1643/5 852/1642/5 902/1685/5 901/1686/5
f 852/1642/5 854/1651/5 903/1687/5 902/1685/5
f 854/1651/5 855/1655/5 904/1688/5 903/1687/5
f 855/1655/5 856/1659/5 905/1689/5 904/1688/5
f 856/1659/5 857/1663/5 906/1690/5 905/1689/5
f 857/1663/5 858/1667/5 907/1691/5 906/1690/5
f 858/1667/5 859/1671/5 908/1692/5 907/1691/5
f 859/1671/5 860/1675/5 909/1693/5 908/1692/5
f 860/1675/5 861/1678/5 910/1694/5 909/1693/5
f 861/1678/5 862/1681/5 911/1695/5 910/1694/5
f 862/1681/5 863/1684/5 912/1635/5 911/1695/5
f 863/1684/5 864/1640/5 913/1636/5 912/1635/5
f 864/1640/5 865/1639/5 914/1696/5 913/1636/5
f 865/1639/5 866/1645/5 915/1697/5 914/1696/5
f 866/1645/5 867/1649/5 916/1698/5 915/1697/5
f 867/1649/5 868/1653/5 917/1699/5 916/1698/5
f 868/1653/5 869/1657/5 918/1700/5 917/1699/5
f 869/1657/5 870/1661/5 919/1701/5 918/1700/5
f 870/1661/5 871/1665/5 920/1702/5 919/1701/5
f 871/1665/5 872/1669/5 921/1703/5 920/1702/5
f 872/1669/5 873/1673/5 922/1704/5 921/1703/5
f 873/1673/5 874/1677/5 923/1705/5 922/1704/5
f 874/1677/5 875/1680/5 924/1706/5 923/1705/5
f 875/1680/5 876/1683/5 925/1707/5 924/1706/5
f 876/1683/5 877/1638/5 926/1708/5 925/1707/5
f 877/1638/5 878/1637/5 927/1709/5 926/1708/5
f 878/1637/5 879/1644/5 928/1710/5 927/1709/5
f 879/1644/5 880/1648/5 929/1711/5 928/1710/5
f 880/1648/5 881/1652/5 930/1712/5 929/1711/5
f 881/1652/5 882/1656/5 931/1713/5 930/1712/5
f 882/1656/5 883/1660/5 932/1714/5 931/1713/5
f 883/1660/5 884/1664/5 933/1715/5 932/1714/5
f 884/1664/5 885/1668/5 934/1716/5 933/1715/5
f 885/1668/5 886/1672/5 935/1717/5 934/1716/5
f 886/1672/5 887/1676/5 936/1718/5 935/1717/5
f 887/1676/5 888/1679/5 937/1719/5 936/1718/5
f 888/1679/5 889/1682/5 938/1720/5 937/1719/5
f 889/1682/5 890/1634/5 939/1721/5 938/1720/5
f 890/1634/5 891/1633/5 940/1722/5 939/1721/5
f 891/1633/5 892/1641/5 941/1723/5 940/1722/5
f 892/1641/5 893/1646/5 942/1724/5 941/1723/5
f 893/1646/5 894/1650/5 943/1725/5 942/1724/5
f 894/1650/5 895/1654/5 944/1726/5 943/1725/5
f 895/1654/5 896/1658/5 945/1727/5 944/1726/5
f 896/1658/5 897/1662/5 946/1728/5 945/1727/5
f 897/1662/5 898/1666/5 947/1729/5 946/1728/5
f 898/1666/5 899/1670/5 948/1730/5 947/1729/5
f 899/1670/5 900/1674/5 949/1731/5 948/1730/5
f 900/1674/5 853/1647/5 950/1732/5 949/1731/5
f 853/1647/5 851/1643/5 901/1686/5 950/1732/5
f 939/1721/1173 940/1722/1174 991/190/1174 990/189/1173
f 926/1708/1175 927/1709/1176 978/177/1176 977/176/1175
f 913/1636/1124 914/1696/1177 965/164/1177 964/163/1124
f 940/1722/1174 941/1723/1178 992/191/1178 991/190/1174
f 901/1686/1179 902/1685/1180 952/152/1180 951/151/1179
f 927/1709/1176 928/1710/1181 979/178/1181 978/177/1176
f 914/1696/1177 915/1697/1182 966/165/1182 965/164/1177
f 941/1723/1178 942/1724/1183 993/192/1183 992/191/1178
f 950/1732/1184 901/1686/1179 951/151/1179 953/200/1184
f 928/1710/1181 929/1711/1185 980/179/1185 979/178/1181
f 915/1697/1182 916/1698/1186 967/166/1186 966/165/1182
f 942/1724/1183 943/1725/1187 994/193/1187 993/192/1183
f 902/1685/1180 903/1687/1188 954/153/1188 952/152/1180
f 929/1711/1185 930/1712/1189 981/180/1189 980/179/1185
f 916/1698/1186 917/1699/1190 968/167/1190 967/166/1186
f 943/1725/1187 944/1726/1191 995/194/1191 994/193/1187
f 903/1687/1188 904/1688/1192 955/154/1192 954/153/1188
f 930/1712/1189 931/1713/1193 982/181/1193 981/180/1189
f 917/1699/1190 918/1700/1194 969/168/1194 968/167/1190
f 944/1726/1191 945/1727/1195 996/195/1195 995/194/1191
f 904/1688/1192 905/1689/1196 956/155/1196 955/154/1192
f 931/1713/1193 932/1714/1197 983/182/1197 982/181/1193
f 918/1700/1194 919/1701/1198 970/169/1198 969/168/1194
f 945/1727/1195 946/1728/1199 997/196/1199 996/195/1195
f 905/1689/1196 906/1690/1200 957/156/1200 956/155/1196
f 932/1714/1197 933/1715/1201 984/183/1201 983/182/1197
f 919/1701/1198 920/1702/1202 971/170/1202 970/169/1198
f 946/1728/1199 947/1729/1203 998/197/1203 997/196/1199
f 906/1690/1200 907/1691/1204 958/157/1204 957/156/1200
f 933/1715/1201 934/1716/1205 985/184/1205 984/183/1201
f 920/1702/1202 921/1703/1206 972/171/1206 971/170/1202
f 947/1729/1203 948/1730/1207 999/198/1207 998/197/1203
f 907/1691/1204 908/1692/1208 959/158/1208 958/157/1204
f 934/1716/1205 935/1717/1209 986/185/1209 985/184/1205
f 921/1703/1206 922/1704/1210 973/172/1210 972/171/1206
f 948/1730/1207 949/1731/1211 1000/199/1211 999/198/1207
f 908/1692/1208 909/1693/1212 960/159/1212 959/158/1208
f 935/1717/1209 936/1718/1213 987/186/1213 986/185/1209
f 922/1704/1210 923/1705/1214 974/173/1214 973/172/1210
f 949/1731/1211 950/1732/1184 953/200/1184 1000/199/1211
f 909/1693/1212 910/1694/1215 961/160/1215 960/159/1212
f 936/1718/1213 937/1719/1216 988/187/1216 987/186/1213
f 923/1705/1214 924/1706/1217 975/174/1217 974/173/1214
f 910/1694/1215 911/1695/1218 962/161/1218 961/160/1215
f 937/1719/1216 938/1720/1219 989/188/1219 988/187/1216
f 924/1706/1217 925/1707/1220 976/175/1220 975/174/1217
f 911/1695/1218 912/1635/1123 963/162/1123 962/161/1218
f 938/1720/1219 939/1721/1173 990/189/1173 989/188/1219
f 925/1707/1220 926/1708/1175 977/176/1175 976/175/1220
f 1152/1446/937 1347/1445/231 1349/1540/232 1154/1539/1029
f 1153/1542/1031 1350/1541/1030 1348/1449/940 1151/1448/939
f 1156/1447/938 1152/1446/937 1154/1539/1029 1158/1543/1032
f 1157/1544/1033 1153/1542/1031 1151/1448/939 1155/1451/942
f 1160/1452/943 1156/1447/938 1158/1543/1032 1162/1545/1034
f 1161/1546/1035 1157/1544/1033 1155/1451/942 1159/1450/941
f 1164/1454/945 1160/1452/943 1162/1545/1034 1166/1547/1036
f 1165/1548/1037 1161/1546/1035 1159/1450/941 1163/1453/944
f 1168/1456/947 1164/1454/945 1166/1547/1036 1170/1549/1038
f 1169/1550/1039 1165/1548/1037 1163/1453/944 1167/1455/946
f 1172/1458/949 1168/1456/947 1170/1549/1038 1174/1551/1040
f 1173/1552/1041 1169/1550/1039 1167/1455/946 1171/1457/948
f 1176/1460/951 1172/1458/949 1174/1551/1040 1178/1553/1042
f 1177/1554/1043 1173/1552/1041 1171/1457/948 1175/1459/950
f 1180/1462/953 1176/1460/951 1178/1553/1042 1182/1555/1044
f 1181/1556/1045 1177/1554/1043 1175/1459/950 1179/1461/952
f 1184/1464/955 1180/1462/953 1182/1555/1044 1186/1557/1046
f 1185/1558/1047 1181/1556/1045 1179/1461/952 1183/1463/954
f 1188/1466/957 1184/1464/955 1186/1557/1046 1190/1559/1048
f 1189/1560/1049 1185/1558/1047 1183/1463/954 1187/1465/956
f 1192/1468/959 1188/1466/957 1190/1559/1048 1194/1561/1050
f 1193/1562/1051 1189/1560/1049 1187/1465/956 1191/1467/958
f 1196/1470/961 1192/1468/959 1194/1561/1050 1198/1563/1052
f 1197/1564/1053 1193/1562/1051 1191/1467/958 1195/1469/960
f 1200/1472/963 1196/1470/961 1198/1563/1052 1202/1565/1054
f 1201/1566/1055 1197/1564/1053 1195/1469/960 1199/1471/962
f 1204/1474/965 1200/1472/963 1202/1565/1054 1206/1567/1056
f 1205/1568/1057 1201/1566/1055 1199/1471/962 1203/1473/964
f 1208/1476/967 1204/1474/965 1206/1567/1056 1210/1569/1058
f 1209/1570/1059 1205/1568/1057 1203/1473/964 1207/1475/966
f 1212/1478/969 1208/1476/967 1210/1569/1058 1214/1571/1060
f 1213/1572/1061 1209/1570/1059 1207/1475/966 1211/1477/968
f 1216/1480/971 1212/1478/969 1214/1571/1060 1218/1573/1062
f 1217/1574/1063 1213/1572/1061 1211/1477/968 1215/1479/970
f 1220/1482/973 1216/1480/971 1218/1573/1062 1222/1575/1064
f 1221/1576/1065 1217/1574/1063 1215/1479/970 1219/1481/972
f 1224/1484/975 1220/1482/973 1222/1575/1064 1226/1577/1066
f 1225/1578/1067 1221/1576/1065 1219/1481/972 1223/1483/974
f 1228/1486/977 1224/1484/975 1226/1577/1066 1230/1579/1068
f 1229/1580/1069 1225/1578/1067 1223/1483/974 1227/1485/976
f 1232/1488/979 1228/1486/977 1230/1579/1068 1234/1581/1070
f 1233/1582/1071 1229/1580/1069 1227/1485/976 1231/1487/978
f 1236/1490/981 1232/1488/979 1234/1581/1070 1238/1583/1072
f 1237/1584/1073 1233/1582/1071 1231/1487/978 1235/1489/980
f 1240/1492/983 1236/1490/981 1238/1583/1072 1242/1585/1074
f 1241/1586/1075 1237/1584/1073 1235/1489/980 1239/1491/982
f 1244/1494/985 1240/1492/983 1242/1585/1074 1246/1587/1076
f 1245/1588/1077 1241/1586/1075 1239/1491/982 1243/1493/984
f 1248/1496/987 1244/1494/985 1246/1587/1076 1250/1589/1078
f 1249/1590/1079 1245/1588/1077 1243/1493/984 1247/1495/986
f 1252/1498/989 1248/1496/987 1250/1589/1078 1254/1591/1080
f 1253/1592/1081 1249/1590/1079 1247/1495/986 1251/1497/988
f 1256/1500/991 1252/1498/989 1254/1591/1080 1258/1593/1082
f 1257/1594/1083 1253/1592/1081 1251/1497/988 1255/1499/990
f 1260/1502/993 1256/1500/991 1258/1593/1082 1262/1595/1084
f 1261/1596/1085 1257/1594/1083 1255/1499/990 1259/1501/992
f 1264/1504/995 1260/1502/993 1262/1595/1084 1266/1597/1086
f 1265/1598/1087 1261/1596/1085 1259/1501/992 1263/1503/994
f 1268/1506/997 1264/1504/995 1266/1597/1086 1270/1599/1088
f 1269/1600/1089 1265/1598/1087 1263/1503/994 1267/1505/996
f 1272/1508/999 1268/1506/997 1270/1599/1088 1274/1601/1090
f 1273/1602/1091 1269/1600/1089 1267/1505/996 1271/1507/998
f 1276/1510/1001 1272/1508/999 1274/1601/1090 1278/1603/1092
f 1277/1604/1093 1273/1602/1091 1271/1507/998 1275/1509/1000
f 1280/1512/1003 1276/1510/1001 1278/1603/1092 1282/1605/1094
f 1281/1606/1095 1277/1604/1093 1275/1509/1000 1279/1511/1002
f 1284/1514/1005 1280/1512/1003 1282/1605/1094 1286/1607/1096
f 1285/1608/1097 1281/1606/1095 1279/1511/1002 1283/1513/1004
f 1288/1516/1007 1284/1514/1005 1286/1607/1096 1290/1609/1098
f 1289/1610/1099 1285/1608/1097 1283/1513/1004 1287/1515/1006
f 1292/1518/1009 1288/1516/1007 1290/1609/1098 1294/1611/1100
f 1293/1612/1101 1289/1610/1099 1287/1515/1006 1291/1517/1008
f 1296/1520/1011 1292/1518/1009 1294/1611/1100 1298/1613/1102
f 1297/1614/1103 1293/1612/1101 1291/1517/1008 1295/1519/1010
f 1300/1522/1013 1296/1520/1011 1298/1613/1102 1302/1615/1104
f 1301/1616/1105 1297/1614/1103 1295/1519/1010 1299/1521/1012
f 1304/1524/1015 1300/1522/1013 1302/1615/1104 1306/1617/1106
f 1305/1618/1107 1301/1616/1105 1299/1521/1012 1303/1523/1014
f 1308/1526/1017 1304/1524/1015 1306/1617/1106 1310/1619/1108
f 1309/1620/1109 1305/1618/1107 1303/1523/1014 1307/1525/1016
f 1312/1528/1019 1308/1526/1017 1310/1619/1108 1314/1621/1110
f 1313/1622/1111 1309/1620/1109 1307/1525/1016 1311/1527/1018
f 1316/1530/1021 1312/1528/1019 1314/1621/1110 1318/1623/1112
f 1317/1624/1113 1313/1622/1111 1311/1527/1018 1315/1529/1020
f 1320/410/218 1316/1530/1021 1318/1623/1112 1322/411/219
f 1321/1625/1114 1317/1624/1113 1315/1529/1020 1319/1531/1022
f 1325/1626/1115 1321/1625/1114 1319/1531/1022 1323/1532/1023
f 1329/1627/1116 1325/1626/1115 1323/1532/1023 1327/1533/1024
f 1333/1628/1117 1329/1627/1116 1327/1533/1024 1331/1534/1025
f 1337/1629/1118 1333/1628/1117 1331/1534/1025 1335/1535/1026
f 1341/1630/1119 1337/1629/1118 1335/1535/1026 1339/1536/1027
f 1345/1631/1120 1341/1630/1119 1339/1536/1027 1343/1537/1028
f 1350/1632/1030 1345/1631/1120 1343/1537/1028 1348/1538/940
f 1367/1733/1221 1370/1734/1222 1362/1735/1223 1361/1736/1221
f 1375/1737/1224 1378/1738/1225 1366/1739/1226 1365/1740/1224
f 1371/1741/1227 1374/1742/1228 1364/1743/1229 1363/1744/1227
f 1379/1745/1230 1382/1746/1231 1360/1747/1232 1359/1748/1230
f 1389/1749/5 1371/1741/5 1363/1744/5 1380/1750/5
f 1369/1751/1233 1360/1747/1234 1385/1752/1235
f 1362/1735/1223 1370/1753/1222 1383/1754/1236
f 1383/1754/1237 1370/1753/1237 1369/1751/1237 1385/1752/1237
f 1375/1755/5 1365/1740/5 1372/1756/5 1387/1757/5
f 1387/1757/1238 1372/1756/1238 1371/1741/1238 1389/1749/1238
f 1365/1740/1239 1366/1739/1240 1373/1758/1241 1372/1756/1239
f 1372/1756/1242 1373/1758/1242 1374/1742/1242 1371/1741/1242
f 1359/1759/1243 1360/1760/1234 1369/1761/1233 1368/1762/1243
f 1368/1762/1244 1369/1761/1244 1370/1734/1244 1367/1733/1244
f 1367/1763/1245 1388/1764/1245 1390/1765/1245 1368/1766/1245
f 1388/1764/5 1387/1757/5 1389/1749/5 1390/1765/5
f 1361/1767/5 1376/1768/5 1388/1764/5 1367/1763/5
f 1376/1768/1246 1375/1755/1246 1387/1757/1246 1388/1764/1246
f 1373/1758/1247 1384/1769/1247 1386/1770/1247 1374/1742/1247
f 1384/1769/1248 1383/1754/1248 1385/1752/1248 1386/1770/1248
f 1382/1771/1231 1385/1752/1249 1360/1747/1232
f 1378/1772/1250 1377/1773/1250 1383/1754/1250 1384/1769/1250
f 1381/1774/1251 1364/1743/1252 1386/1770/1253
f 1386/1770/1254 1385/1752/1254 1382/1771/1254 1381/1774/1254
f 1368/1766/5 1390/1765/5 1379/1775/5 1359/1776/5
f 1390/1765/1255 1389/1749/1255 1380/1750/1255 1379/1775/1255
f 1363/1744/1256 1364/1743/1252 1381/1777/1251 1380/1778/1256
f 1380/1778/58 1381/1777/58 1382/1746/58 1379/1745/58
f 1361/1736/1257 1362/1735/1258 1377/1779/1259 1376/1780/1257
f 1376/1780/70 1377/1779/70 1378/1738/70 1375/1737/70
f 1377/1773/1259 1362/1735/1258 1383/1754/1260
f 1374/1742/1228 1386/1770/1261 1364/1743/1229
f 1366/1739/1226 1378/1772/1225 1384/1769/1262
f 1373/1758/1241 1366/1739/1240 1384/1769/1263
o Exhast_Fire_Sphere
v 0.128410 -0.219580 -0.466342
v 0.128410 -0.284436 -0.528142
v 0.128410 -0.338223 -0.578206
v 0.132621 0.017570 -0.238755
v 0.131197 -0.056167 -0.302370
v 0.131019 -0.122017 -0.366952
v 0.130778 -0.185039 -0.428259
v 0.130518 -0.251107 -0.492477
v 0.130235 -0.329292 -0.568655
v 0.129857 -0.424582 -0.661259
v 0.129189 -0.479267 -0.711193
v 0.136670 0.016702 -0.237886
v 0.134710 -0.065683 -0.313578
v 0.134828 -0.154032 -0.402332
v 0.135058 -0.265797 -0.514882
v 0.133381 -0.302339 -0.545696
v 0.131605 -0.294447 -0.531743
v 0.130593 -0.327825 -0.561664
v 0.129855 -0.453832 -0.685150
v 0.140402 0.015291 -0.236476
v 0.139113 -0.078460 -0.327500
v 0.137372 -0.149156 -0.394511
v 0.135441 -0.194307 -0.435573
v 0.134658 -0.262592 -0.502203
v 0.135037 -0.420518 -0.660930
v 0.131597 -0.330000 -0.563131
v 0.130224 -0.394385 -0.624610
v 0.143673 0.013393 -0.234577
v 0.139127 -0.062639 -0.304182
v 0.139069 -0.140612 -0.382071
v 0.140285 -0.259497 -0.502677
v 0.136751 -0.276408 -0.514589
v 0.134651 -0.312488 -0.547700
v 0.133373 -0.403259 -0.636664
v 0.130495 -0.357756 -0.587091
v 0.146357 0.011080 -0.232265
v 0.145157 -0.086043 -0.328254
v 0.141841 -0.152510 -0.391588
v 0.139093 -0.199784 -0.436265
v 0.140283 -0.336047 -0.573653
v 0.135425 -0.299700 -0.532715
v 0.135056 -0.459421 -0.692086
v 0.130746 -0.341774 -0.570367
v 0.148352 0.008442 -0.229626
v 0.147968 -0.093127 -0.330970
v 0.146834 -0.191016 -0.428194
v 0.141837 -0.227836 -0.462087
v 0.139057 -0.272716 -0.505339
v 0.137358 -0.344930 -0.576558
v 0.134813 -0.399874 -0.630011
v 0.130982 -0.339065 -0.566957
v 0.149580 0.005578 -0.226763
v 0.149173 -0.095935 -0.328162
v 0.147968 -0.193661 -0.425549
v 0.145155 -0.270000 -0.501096
v 0.139110 -0.259649 -0.489045
v 0.139106 -0.389545 -0.618940
v 0.134686 -0.370423 -0.598575
v 0.131157 -0.341475 -0.568634
v 0.149995 0.002601 -0.223785
v 0.149580 -0.098855 -0.325241
v 0.148352 -0.196412 -0.422798
v 0.146357 -0.286322 -0.512707
v 0.139340 -0.261645 -0.488031
v 0.139770 -0.407274 -0.633660
v 0.134658 -0.362668 -0.589054
v 0.131222 -0.343220 -0.569606
v 0.149580 -0.000377 -0.220807
v 0.149173 -0.101776 -0.322321
v 0.147968 -0.199163 -0.420047
v 0.145155 -0.274710 -0.496385
v 0.139110 -0.262659 -0.486035
v 0.139106 -0.392554 -0.615931
v 0.134686 -0.372189 -0.596809
v 0.131157 -0.342248 -0.567861
v 0.148352 -0.003240 -0.217944
v 0.147968 -0.104584 -0.319513
v 0.146834 -0.201809 -0.417402
v 0.141837 -0.235701 -0.454222
v 0.139057 -0.278953 -0.499102
v 0.137358 -0.350172 -0.571316
v 0.134813 -0.403625 -0.626260
v 0.130982 -0.340571 -0.565451
v 0.146357 -0.005879 -0.215306
v 0.145157 -0.101868 -0.312429
v 0.141841 -0.165202 -0.378896
v 0.139093 -0.209879 -0.426170
v 0.140283 -0.347267 -0.562433
v 0.135425 -0.306329 -0.526086
v 0.135056 -0.465701 -0.685806
v 0.130746 -0.343981 -0.568159
v 0.143673 -0.008192 -0.212993
v 0.139127 -0.077796 -0.289025
v 0.139069 -0.155686 -0.366998
v 0.140285 -0.276292 -0.485883
v 0.136751 -0.288204 -0.502794
v 0.134651 -0.321315 -0.538874
v 0.133373 -0.410278 -0.629645
v 0.130495 -0.360705 -0.584142
v 0.140402 -0.010090 -0.211095
v 0.139113 -0.101114 -0.304845
v 0.137372 -0.168125 -0.375542
v 0.135441 -0.209187 -0.420692
v 0.134658 -0.275817 -0.488978
v 0.135037 -0.434544 -0.646904
v 0.131597 -0.336745 -0.556386
v 0.130224 -0.398224 -0.620771
v 0.136670 -0.011500 -0.209684
v 0.134710 -0.087192 -0.292069
v 0.134828 -0.175946 -0.380418
v 0.135058 -0.288496 -0.492183
v 0.133381 -0.319310 -0.528725
v 0.131605 -0.305357 -0.520833
v 0.130593 -0.335278 -0.554210
v 0.129855 -0.458765 -0.680218
v 0.132621 -0.012369 -0.208816
v 0.131197 -0.075984 -0.282553
v 0.131019 -0.140566 -0.348403
v 0.130778 -0.201873 -0.411425
v 0.130518 -0.266091 -0.477493
v 0.130235 -0.342269 -0.555678
v 0.129857 -0.434873 -0.650968
v 0.129189 -0.484807 -0.705653
v 0.128410 -0.012662 -0.208522
v 0.128410 -0.091039 -0.293377
v 0.128410 -0.168803 -0.372540
v 0.128410 -0.239956 -0.445966
v 0.128410 -0.301756 -0.510822
v 0.128410 -0.351821 -0.564609
v 0.128410 -0.388235 -0.605269
v 0.128410 -0.409604 -0.631241
v 0.124199 -0.012369 -0.208816
v 0.124587 -0.104946 -0.304152
v 0.124975 -0.185481 -0.387445
v 0.125545 -0.244343 -0.450363
v 0.126195 -0.279654 -0.490291
v 0.126815 -0.299361 -0.514407
v 0.127350 -0.319876 -0.538723
v 0.127841 -0.357307 -0.579649
v 0.120150 -0.011500 -0.209684
v 0.122613 -0.080069 -0.286663
v 0.123146 -0.144058 -0.352473
v 0.123650 -0.206399 -0.416534
v 0.123833 -0.294037 -0.504797
v 0.123869 -0.433028 -0.643912
v 0.125990 -0.371125 -0.589248
v 0.127359 -0.337335 -0.560131
v 0.116418 -0.010090 -0.211095
v 0.119407 -0.084734 -0.292065
v 0.119005 -0.176488 -0.382968
v 0.118741 -0.287875 -0.493796
v 0.122059 -0.280341 -0.493284
v 0.123732 -0.307363 -0.523847
v 0.123870 -0.477631 -0.694408
v 0.126832 -0.348219 -0.571264
v 0.113147 -0.008192 -0.212993
v 0.115275 -0.095789 -0.303599
v 0.117569 -0.158366 -0.369421
v 0.119419 -0.209074 -0.422744
v 0.118788 -0.332401 -0.545179
v 0.122066 -0.326584 -0.543998
v 0.123845 -0.377790 -0.597719
v 0.126214 -0.379122 -0.602403
v 0.110463 -0.005879 -0.215306
v 0.114961 -0.081423 -0.295100
v 0.113901 -0.178557 -0.391233
v 0.115421 -0.255288 -0.469400
v 0.119426 -0.262885 -0.480781
v 0.118742 -0.421360 -0.638610
v 0.123674 -0.333281 -0.555191
v 0.125563 -0.416358 -0.640054
v 0.108468 -0.003240 -0.217944
v 0.113282 -0.080448 -0.297972
v 0.114970 -0.146869 -0.365381
v 0.113904 -0.254678 -0.472566
v 0.117580 -0.283727 -0.503769
v 0.119016 -0.367494 -0.588377
v 0.123176 -0.330823 -0.554143
v 0.124988 -0.448882 -0.673263
v 0.107240 -0.000377 -0.220807
v 0.109473 -0.092649 -0.313708
v 0.113285 -0.153723 -0.375854
v 0.114969 -0.220408 -0.443013
v 0.115282 -0.322122 -0.544815
v 0.119427 -0.330010 -0.553869
v 0.122644 -0.342343 -0.567106
v 0.124596 -0.470108 -0.695421
v 0.106825 0.002601 -0.223785
v 0.107863 -0.095888 -0.322274
v 0.112269 -0.158729 -0.385115
v 0.115086 -0.212443 -0.438829
v 0.114349 -0.336416 -0.562802
v 0.119502 -0.319800 -0.546185
v 0.122422 -0.347791 -0.574176
v 0.124458 -0.477072 -0.703458
v 0.107240 0.005578 -0.226763
v 0.109473 -0.087322 -0.319035
v 0.113285 -0.149469 -0.380109
v 0.114969 -0.216627 -0.446794
v 0.115282 -0.318429 -0.548508
v 0.119427 -0.327483 -0.556396
v 0.122644 -0.340721 -0.568729
v 0.124596 -0.469035 -0.696494
v 0.108468 0.008442 -0.229626
v 0.113282 -0.071587 -0.306834
v 0.114970 -0.138996 -0.373254
v 0.113904 -0.246180 -0.481063
v 0.117580 -0.277383 -0.510113
v 0.119016 -0.361991 -0.593880
v 0.123176 -0.327757 -0.557209
v 0.124988 -0.446878 -0.675268
v 0.110463 0.011080 -0.232265
v 0.114961 -0.068714 -0.307809
v 0.113901 -0.164847 -0.404943
v 0.115421 -0.243014 -0.481673
v 0.119426 -0.254396 -0.489271
v 0.118742 -0.412224 -0.647745
v 0.123674 -0.328806 -0.559667
v 0.125563 -0.413668 -0.642744
v 0.113147 0.013393 -0.234577
v 0.115275 -0.077213 -0.322175
v 0.117569 -0.143035 -0.384751
v 0.119419 -0.196358 -0.435460
v 0.118788 -0.318793 -0.558787
v 0.122066 -0.317611 -0.552969
v 0.123845 -0.371334 -0.604176
v 0.126214 -0.376017 -0.605508
v 0.116418 0.015291 -0.236476
v 0.119407 -0.065679 -0.311120
v 0.119005 -0.156582 -0.402874
v 0.118741 -0.267410 -0.514261
v 0.122059 -0.266898 -0.506726
v 0.123732 -0.297461 -0.533749
v 0.123870 -0.468022 -0.704018
v 0.126832 -0.344878 -0.574604
v 0.120150 0.016702 -0.237886
v 0.122613 -0.060278 -0.306455
v 0.123146 -0.126087 -0.370444
v 0.123650 -0.190148 -0.432785
v 0.123833 -0.278411 -0.520423
v 0.123869 -0.417527 -0.659415
v 0.125990 -0.362862 -0.597510
v 0.127359 -0.333746 -0.563721
v 0.124199 0.017570 -0.238754
v 0.124587 -0.077766 -0.331332
v 0.124975 -0.161059 -0.411867
v 0.125545 -0.223977 -0.470729
v 0.126195 -0.263905 -0.506040
v 0.126815 -0.288021 -0.525747
v 0.127350 -0.312338 -0.546262
v 0.127841 -0.353263 -0.583693
v 0.128410 0.017863 -0.239048
v 0.128410 -0.066992 -0.317425
v 0.128410 -0.146155 -0.395189
v 0.128410 -0.378883 -0.614621
v 0.128410 -0.404855 -0.635990
v 0.128410 -0.415133 -0.641519
vt 0.750000 0.375000
vt 0.750000 0.437500
vt 0.718750 0.437500
vt 0.718750 0.375000
vt 0.750000 0.312500
vt 0.718750 0.312500
vt 0.750000 0.250000
vt 0.718750 0.250000
vt 0.750000 0.187500
vt 0.718750 0.187500
vt 0.750000 0.125000
vt 0.718750 0.125000
vt 0.750000 0.062500
vt 0.718750 0.062500
vt 0.734375 0.000000
vt 0.750000 0.500000
vt 0.718750 0.500000
vt 0.703125 0.000000
vt 0.687500 0.062500
vt 0.687500 0.500000
vt 0.687500 0.437500
vt 0.687500 0.375000
vt 0.687500 0.312500
vt 0.687500 0.250000
vt 0.687500 0.187500
vt 0.687500 0.125000
vt 0.656250 0.250000
vt 0.656250 0.187500
vt 0.656250 0.125000
vt 0.656250 0.062500
vt 0.671875 0.000000
vt 0.656250 0.500000
vt 0.656250 0.437500
vt 0.656250 0.375000
vt 0.656250 0.312500
vt 0.625000 0.437500
vt 0.625000 0.375000
vt 0.625000 0.312500
vt 0.625000 0.250000
vt 0.625000 0.187500
vt 0.625000 0.125000
vt 0.625000 0.062500
vt 0.640625 0.000000
vt 0.625000 0.500000
vt 0.593750 0.187500
vt 0.593750 0.125000
vt 0.593750 0.062500
vt 0.609375 0.000000
vt 0.593750 0.500000
vt 0.593750 0.437500
vt 0.593750 0.375000
vt 0.593750 0.312500
vt 0.593750 0.250000
vt 0.562500 0.437500
vt 0.562500 0.375000
vt 0.562500 0.312500
vt 0.562500 0.250000
vt 0.562500 0.187500
vt 0.562500 0.125000
vt 0.562500 0.062500
vt 0.578125 0.000000
vt 0.562500 0.500000
vt 0.531250 0.187500
vt 0.531250 0.125000
vt 0.531250 0.062500
vt 0.546875 0.000000
vt 0.531250 0.500000
vt 0.531250 0.437500
vt 0.531250 0.375000
vt 0.531250 0.312500
vt 0.531250 0.250000
vt 0.500000 0.375000
vt 0.500000 0.312500
vt 0.500000 0.250000
vt 0.500000 0.187500
vt 0.500000 0.125000
vt 0.500000 0.062500
vt 0.515625 0.000000
vt 0.500000 0.500000
vt 0.500000 0.437500
vt 0.468750 0.125000
vt 0.468750 0.062500
vt 0.484375 0.000000
vt 0.468750 0.500000
vt 0.468750 0.437500
vt 0.468750 0.375000
vt 0.468750 0.312500
vt 0.468750 0.250000
vt 0.468750 0.187500
vt 0.437500 0.375000
vt 0.437500 0.312500
vt 0.437500 0.250000
vt 0.437500 0.187500
vt 0.437500 0.125000
vt 0.437500 0.062500
vt 0.453125 0.000000
vt 0.437500 0.500000
vt 0.437500 0.437500
vt 0.406250 0.125000
vt 0.406250 0.062500
vt 0.421875 0.000000
vt 0.406250 0.500000
vt 0.406250 0.437500
vt 0.406250 0.375000
vt 0.406250 0.312500
vt 0.406250 0.250000
vt 0.406250 0.187500
vt 0.375000 0.312500
vt 0.375000 0.250000
vt 0.375000 0.187500
vt 0.375000 0.125000
vt 0.375000 0.062500
vt 0.390625 0.000000
vt 0.375000 0.500000
vt 0.375000 0.437500
vt 0.375000 0.375000
vt 0.359375 0.000000
vt 0.343750 0.062500
vt 0.343750 0.500000
vt 0.343750 0.437500
vt 0.343750 0.375000
vt 0.343750 0.312500
vt 0.343750 0.250000
vt 0.343750 0.187500
vt 0.343750 0.125000
vt 0.312500 0.250000
vt 0.312500 0.187500
vt 0.312500 0.125000
vt 0.312500 0.062500
vt 0.328125 0.000000
vt 0.312500 0.500000
vt 0.312500 0.437500
vt 0.312500 0.375000
vt 0.312500 0.312500
vt 0.281250 0.500000
vt 0.281250 0.437500
vt 0.281250 0.375000
vt 0.281250 0.312500
vt 0.281250 0.250000
vt 0.281250 0.187500
vt 0.281250 0.125000
vt 0.281250 0.062500
vt 0.296875 0.000000
vt 0.250000 0.250000
vt 0.250000 0.187500
vt 0.250000 0.125000
vt 0.250000 0.062500
vt 0.265625 0.000000
vt 0.250000 0.500000
vt 0.250000 0.437500
vt 0.250000 0.375000
vt 0.250000 0.312500
vt 0.218750 0.437500
vt 0.218750 0.375000
vt 0.218750 0.312500
vt 0.218750 0.250000
vt 0.218750 0.187500
vt 0.218750 0.125000
vt 0.218750 0.062500
vt 0.234375 0.000000
vt 0.218750 0.500000
vt 0.187500 0.187500
vt 0.187500 0.125000
vt 0.187500 0.062500
vt 0.203125 0.000000
vt 0.187500 0.500000
vt 0.187500 0.437500
vt 0.187500 0.375000
vt 0.187500 0.312500
vt 0.187500 0.250000
vt 0.156250 0.437500
vt 0.156250 0.375000
vt 0.156250 0.312500
vt 0.156250 0.250000
vt 0.156250 0.187500
vt 0.156250 0.125000
vt 0.156250 0.062500
vt 0.171875 0.000000
vt 0.156250 0.500000
vt 0.125000 0.187500
vt 0.125000 0.125000
vt 0.125000 0.062500
vt 0.140625 0.000000
vt 0.125000 0.500000
vt 0.125000 0.437500
vt 0.125000 0.375000
vt 0.125000 0.312500
vt 0.125000 0.250000
vt 0.093750 0.375000
vt 0.093750 0.312500
vt 0.093750 0.250000
vt 0.093750 0.187500
vt 0.093750 0.125000
vt 0.093750 0.062500
vt 0.109375 0.000000
vt 0.093750 0.500000
vt 0.093750 0.437500
vt 0.062500 0.125000
vt 0.062500 0.062500
vt 0.078125 0.000000
vt 0.062500 0.500000
vt 0.062500 0.437500
vt 0.062500 0.375000
vt 0.062500 0.312500
vt 0.062500 0.250000
vt 0.062500 0.187500
vt 0.031250 0.312500
vt 0.031250 0.250000
vt 0.031250 0.187500
vt 0.031250 0.125000
vt 0.031250 0.062500
vt 0.046875 0.000000
vt 0.031250 0.500000
vt 0.031250 0.437500
vt 0.031250 0.375000
vt 0.015625 0.000000
vt 0.000000 0.062500
vt 0.000000 0.500000
vt 0.000000 0.437500
vt 0.000000 0.375000
vt 0.000000 0.312500
vt 0.000000 0.250000
vt 0.000000 0.187500
vt 0.000000 0.125000
vt 1.000000 0.250000
vt 1.000000 0.312500
vt 0.968750 0.312500
vt 0.968750 0.250000
vt 1.000000 0.187500
vt 0.968750 0.187500
vt 1.000000 0.125000
vt 0.968750 0.125000
vt 1.000000 0.062500
vt 0.968750 0.062500
vt 0.984375 0.000000
vt 1.000000 0.437500
vt 1.000000 0.500000
vt 0.968750 0.500000
vt 0.968750 0.437500
vt 1.000000 0.375000
vt 0.968750 0.375000
vt 0.953125 0.000000
vt 0.937500 0.062500
vt 0.937500 0.500000
vt 0.937500 0.437500
vt 0.937500 0.375000
vt 0.937500 0.312500
vt 0.937500 0.250000
vt 0.937500 0.187500
vt 0.937500 0.125000
vt 0.906250 0.250000
vt 0.906250 0.187500
vt 0.906250 0.125000
vt 0.906250 0.062500
vt 0.921875 0.000000
vt 0.906250 0.500000
vt 0.906250 0.437500
vt 0.906250 0.375000
vt 0.906250 0.312500
vt 0.875000 0.500000
vt 0.875000 0.437500
vt 0.875000 0.375000
vt 0.875000 0.312500
vt 0.875000 0.250000
vt 0.875000 0.187500
vt 0.875000 0.125000
vt 0.875000 0.062500
vt 0.890625 0.000000
vt 0.843750 0.250000
vt 0.843750 0.187500
vt 0.843750 0.125000
vt 0.843750 0.062500
vt 0.859375 0.000000
vt 0.843750 0.500000
vt 0.843750 0.437500
vt 0.843750 0.375000
vt 0.843750 0.312500
vt 0.812500 0.437500
vt 0.812500 0.375000
vt 0.812500 0.312500
vt 0.812500 0.250000
vt 0.812500 0.187500
vt 0.812500 0.125000
vt 0.812500 0.062500
vt 0.828125 0.000000
vt 0.812500 0.500000
vt 0.781250 0.187500
vt 0.781250 0.125000
vt 0.781250 0.062500
vt 0.796875 0.000000
vt 0.781250 0.500000
vt 0.781250 0.437500
vt 0.781250 0.375000
vt 0.781250 0.312500
vt 0.781250 0.250000
vt 0.765625 0.000000
vn 0.6549 0.5267 -0.5419
vn 0.5420 0.5816 -0.6065
vn 0.2281 0.6505 -0.7244
vn 0.1975 0.6890 -0.6973
vn 0.5497 0.5766 -0.6044
vn 0.1145 0.6961 -0.7087
vn -0.2140 0.6636 -0.7168
vn 0.0195 0.6919 -0.7217
vn -0.8013 0.4076 -0.4379
vn 0.8849 0.3181 -0.3401
vn -0.8339 0.3770 -0.4031
vn 0.1146 0.6654 -0.7376
vn -0.9894 0.0960 -0.1089
vn -0.0007 -0.8745 0.4850
vn 0.9976 -0.0487 -0.0487
vn 0.4093 0.6178 -0.6714
vn 0.2318 0.6474 -0.7260
vn 0.9465 -0.2387 0.2170
vn -0.0115 0.6768 -0.7360
vn -0.1784 0.6832 -0.7081
vn 0.2165 0.6825 -0.6981
vn 0.3568 0.6273 -0.6922
vn -0.2085 0.6654 -0.7167
vn -0.2568 0.6572 -0.7086
vn 0.5865 0.5300 -0.6125
vn 0.6077 0.5366 -0.5855
vn 0.6112 0.4377 -0.6594
vn 0.0191 0.6674 -0.7444
vn 0.9940 -0.0854 0.0682
vn 0.6291 0.5232 -0.5748
vn 0.7050 0.4905 -0.5121
vn 0.2350 0.6801 -0.6944
vn 0.6681 0.5183 -0.5339
vn 0.6795 0.4949 -0.5416
vn 0.6765 0.5105 -0.5307
vn 0.3694 0.6383 -0.6753
vn 0.9402 0.2310 -0.2502
vn 0.8352 0.3824 -0.3953
vn -0.5077 0.5756 -0.6409
vn -0.0992 -0.7874 0.6083
vn 0.6793 0.4942 -0.5425
vn 0.4849 0.5395 -0.6883
vn 0.5435 0.3768 -0.7500
vn 0.7004 -0.5382 0.4688
vn 0.5494 0.5780 -0.6034
vn 0.4484 0.6235 -0.6404
vn 0.7441 0.4615 -0.4830
vn 0.6549 0.5157 -0.5524
vn 0.8668 0.2495 -0.4318
vn 0.7750 0.4382 -0.4553
vn 0.4465 0.6087 -0.6558
vn 0.8075 0.3971 -0.4362
vn 0.9318 0.2500 -0.2631
vn 0.8846 0.3225 -0.3367
vn 0.7841 -0.4697 0.4054
vn 0.6549 -0.5860 0.4771
vn 0.8974 0.3086 -0.3153
vn 0.1339 0.4939 -0.8592
vn -0.8865 -0.3862 0.2548
vn 0.6777 -0.5991 0.4264
vn 0.9808 0.1359 -0.1400
vn 0.9807 0.1338 -0.1421
vn 0.9202 0.2614 -0.2912
vn 0.2530 0.5023 -0.8268
vn 0.2379 0.5242 -0.8177
vn 0.9999 -0.0105 -0.0105
vn -0.0246 -0.7069 -0.7069
vn 0.5995 -0.5659 -0.5659
vn -0.6869 -0.5138 -0.5138
vn -0.9943 -0.0752 -0.0752
vn 0.7645 -0.4558 -0.4558
vn 1.0000 -0.0020 -0.0020
vn 1.0000 -0.0042 -0.0042
vn -0.8865 0.2549 -0.3862
vn 0.6777 0.4264 -0.5990
vn 0.9808 -0.1400 0.1359
vn 0.9807 -0.1421 0.1338
vn 0.9202 -0.2912 0.2614
vn 0.2530 -0.8268 0.5023
vn 0.2379 -0.8177 0.5242
vn 0.1339 -0.8592 0.4939
vn 0.4465 -0.6558 0.6087
vn 0.8075 -0.4362 0.3971
vn 0.9318 -0.2631 0.2500
vn 0.8846 -0.3367 0.3225
vn 0.7841 0.4054 -0.4698
vn 0.6549 0.4771 -0.5860
vn 0.8974 -0.3153 0.3086
vn 0.7750 -0.4553 0.4382
vn 0.5436 -0.7502 0.3764
vn 0.7004 0.4688 -0.5382
vn 0.5494 -0.6034 0.5780
vn 0.4484 -0.6404 0.6235
vn 0.7441 -0.4830 0.4615
vn 0.6549 -0.5524 0.5157
vn 0.8668 -0.4318 0.2495
vn 0.4849 -0.6883 0.5395
vn 0.3694 -0.6753 0.6383
vn 0.9402 -0.2502 0.2311
vn 0.8352 -0.3953 0.3824
vn -0.5077 -0.6409 0.5756
vn -0.0992 0.6084 -0.7874
vn 0.6793 -0.5425 0.4942
vn 0.6795 -0.5416 0.4949
vn 0.6765 -0.5307 0.5105
vn 0.9940 0.0682 -0.0854
vn 0.6291 -0.5748 0.5232
vn 0.7050 -0.5121 0.4905
vn 0.2350 -0.6944 0.6801
vn 0.6681 -0.5339 0.5183
vn 0.6077 -0.5855 0.5366
vn 0.6113 -0.6593 0.4377
vn 0.0191 -0.7444 0.6675
vn -0.2085 -0.7167 0.6654
vn -0.2568 -0.7086 0.6572
vn 0.5865 -0.6125 0.5300
vn 0.9465 0.2170 -0.2387
vn -0.0116 -0.7360 0.6768
vn -0.1784 -0.7081 0.6832
vn 0.2166 -0.6981 0.6825
vn 0.3568 -0.6922 0.6273
vn 0.2318 -0.7260 0.6474
vn 0.2281 -0.7244 0.6505
vn 0.1975 -0.6973 0.6890
vn 0.1145 -0.7087 0.6961
vn 0.0195 -0.7217 0.6919
vn 0.8849 -0.3401 0.3181
vn 0.1146 -0.7376 0.6654
vn -0.0020 0.4850 -0.8745
vn -0.2140 -0.7168 0.6636
vn -0.8013 -0.4379 0.4076
vn -0.8339 -0.4031 0.3770
vn -0.9894 -0.1089 0.0960
vn 0.4093 -0.6714 0.6178
vn 0.5420 -0.6065 0.5816
vn 0.6549 -0.5419 0.5267
vn 0.5497 -0.6044 0.5766
vn -0.3743 -0.6675 0.6436
vn -0.4639 -0.6431 0.6092
vn -0.4964 -0.6331 0.5938
vn -0.5163 -0.6253 0.5852
vn -0.2124 -0.7124 0.6688
vn -0.0683 -0.7559 0.6510
vn -0.9893 -0.1113 0.0942
vn -0.3182 -0.6934 0.6465
vn -0.0732 -0.7363 0.6727
vn 0.9822 -0.1429 0.1220
vn 0.8326 -0.4153 0.3664
vn -0.5712 -0.6108 0.5483
vn -0.5560 -0.6157 0.5582
vn -0.5333 -0.6037 0.5925
vn -0.3740 -0.6644 0.6470
vn -0.3287 -0.6815 0.6537
vn -0.1317 -0.7159 0.6856
vn -0.4939 -0.6211 0.6084
vn -0.3539 -0.6865 0.6352
vn -0.3772 -0.6812 0.6273
vn -0.4171 -0.6749 0.6087
vn -0.9793 0.0847 -0.1839
vn 0.7567 -0.4771 0.4469
vn -0.3030 -0.7041 0.6422
vn -0.4965 -0.6367 0.5899
vn -0.9874 -0.1286 0.0922
vn -0.3114 -0.7103 0.6313
vn -0.7082 -0.5249 0.4721
vn -0.6802 -0.5268 0.5096
vn -0.6816 -0.5246 0.5101
vn -0.7161 -0.5048 0.4820
vn -0.0926 -0.7289 0.6783
vn -0.7017 -0.5120 0.4954
vn -0.8595 -0.3831 0.3382
vn -0.5717 -0.6245 0.5321
vn -0.7099 -0.6438 0.2855
vn -0.8935 0.1576 -0.4204
vn -0.0183 -0.7185 0.6953
vn -0.9118 -0.3178 0.2600
vn -0.9387 -0.2652 0.2204
vn -0.7490 0.3324 -0.5730
vn -0.0544 -0.7226 0.6890
vn -0.8103 -0.4405 0.3863
vn -0.8807 -0.3521 0.3168
vn -0.8923 -0.3289 0.3091
vn -0.8337 -0.4265 0.3508
vn -0.9443 -0.2430 0.2218
vn -0.7268 0.4463 -0.5220
vn -0.9923 -0.0887 0.0856
vn -0.9304 -0.2891 0.2253
vn -0.9683 -0.2371 0.0791
vn -0.9494 -0.2630 0.1715
vn -0.0645 -0.7550 0.6525
vn -0.8810 -0.3489 0.3194
vn -0.8232 -0.4165 0.3857
vn -0.9540 -0.2279 0.1946
vn -0.1872 -0.6945 -0.6947
vn -0.9999 -0.0089 -0.0089
vn -0.9991 -0.0305 -0.0305
vn -0.9996 -0.0203 -0.0203
vn -0.9997 -0.0170 -0.0170
vn -0.0977 -0.7037 -0.7037
vn -0.2283 -0.6884 -0.6884
vn -0.9998 -0.0115 -0.0115
vn -0.9923 0.0856 -0.0887
vn -0.9304 0.2253 -0.2891
vn -0.9683 0.0791 -0.2371
vn -0.9494 0.1715 -0.2630
vn -0.0646 0.6525 -0.7550
vn -0.8810 0.3194 -0.3489
vn -0.8232 0.3857 -0.4165
vn -0.9540 0.1946 -0.2279
vn -0.0544 0.6890 -0.7226
vn -0.8103 0.3863 -0.4405
vn -0.8807 0.3168 -0.3521
vn -0.8923 0.3091 -0.3289
vn -0.8336 0.3508 -0.4265
vn -0.9443 0.2218 -0.2430
vn -0.7268 -0.5220 0.4463
vn -0.7490 -0.5731 0.3324
vn -0.5717 0.5321 -0.6245
vn -0.7095 0.2858 -0.6441
vn -0.8935 -0.4204 0.1576
vn -0.0183 0.6953 -0.7185
vn -0.9118 0.2600 -0.3178
vn -0.9387 0.2204 -0.2652
vn -0.7017 0.4954 -0.5120
vn -0.8596 0.3382 -0.3831
vn -0.7082 0.4721 -0.5249
vn -0.6802 0.5096 -0.5268
vn -0.6816 0.5101 -0.5246
vn -0.7161 0.4820 -0.5048
vn -0.0926 0.6783 -0.7289
vn -0.4965 0.5899 -0.6367
vn -0.9874 0.0922 -0.1286
vn -0.3114 0.6313 -0.7103
vn -0.3772 0.6273 -0.6812
vn -0.4171 0.6087 -0.6749
vn -0.9793 -0.1838 0.0846
vn 0.7567 0.4469 -0.4771
vn -0.3030 0.6422 -0.7041
vn -0.1317 0.6856 -0.7159
vn -0.4939 0.6084 -0.6211
vn -0.3539 0.6352 -0.6865
vn -0.5560 0.5582 -0.6157
vn -0.5333 0.5925 -0.6037
vn -0.3740 0.6470 -0.6644
vn -0.3288 0.6537 -0.6815
vn -0.0733 0.6727 -0.7363
vn 0.9822 0.1220 -0.1429
vn 0.8326 0.3664 -0.4153
vn -0.5712 0.5483 -0.6108
vn -0.2124 0.6688 -0.7124
vn -0.0683 0.6510 -0.7559
vn -0.9893 0.0942 -0.1113
vn -0.3182 0.6465 -0.6934
vn -0.3743 0.6436 -0.6675
vn -0.4639 0.6092 -0.6431
vn -0.4964 0.5938 -0.6331
vn -0.5163 0.5852 -0.6253
usemtl Fire
s 1
f 1644/1781/1264 1643/1782/1265 1395/1783/1266 1396/1784/1267
f 1391/1785/1268 1644/1781/1264 1396/1784/1267 1397/1786/1269
f 1392/1787/1270 1391/1785/1268 1397/1786/1269 1398/1788/1271
f 1393/1789/1272 1392/1787/1270 1398/1788/1271 1399/1790/1273
f 1645/1791/1274 1393/1789/1272 1399/1790/1273 1400/1792/1275
f 1646/1793/1276 1645/1791/1274 1400/1792/1275 1401/1794/1277
f 1647/1795/1278 1646/1793/1276 1401/1794/1277
f 1643/1782/1265 1642/1796/1279 1394/1797/1280 1395/1783/1266
f 1647/1798/1278 1401/1794/1277 1409/1799/1281
f 1395/1783/1266 1394/1797/1280 1402/1800/1282 1403/1801/1283
f 1396/1784/1267 1395/1783/1266 1403/1801/1283 1404/1802/1284
f 1397/1786/1269 1396/1784/1267 1404/1802/1284 1405/1803/1285
f 1398/1788/1271 1397/1786/1269 1405/1803/1285 1406/1804/1286
f 1399/1790/1273 1398/1788/1271 1406/1804/1286 1407/1805/1287
f 1400/1792/1275 1399/1790/1273 1407/1805/1287 1408/1806/1288
f 1401/1794/1277 1400/1792/1275 1408/1806/1288 1409/1799/1281
f 1407/1805/1287 1406/1804/1286 1414/1807/1289 1415/1808/1290
f 1408/1806/1288 1407/1805/1287 1415/1808/1290 1416/1809/1291
f 1409/1799/1281 1408/1806/1288 1416/1809/1291 1417/1810/1292
f 1647/1811/1278 1409/1799/1281 1417/1810/1292
f 1403/1801/1283 1402/1800/1282 1410/1812/1293 1411/1813/1294
f 1404/1802/1284 1403/1801/1283 1411/1813/1294 1412/1814/1295
f 1405/1803/1285 1404/1802/1284 1412/1814/1295 1413/1815/1296
f 1406/1804/1286 1405/1803/1285 1413/1815/1296 1414/1807/1289
f 1412/1814/1295 1411/1813/1294 1419/1816/1297 1420/1817/1298
f 1413/1815/1296 1412/1814/1295 1420/1817/1298 1421/1818/1299
f 1414/1807/1289 1413/1815/1296 1421/1818/1299 1422/1819/1300
f 1415/1808/1290 1414/1807/1289 1422/1819/1300 1423/1820/1301
f 1416/1809/1291 1415/1808/1290 1423/1820/1301 1424/1821/1302
f 1417/1810/1292 1416/1809/1291 1424/1821/1302 1425/1822/1303
f 1647/1823/1278 1417/1810/1292 1425/1822/1303
f 1411/1813/1294 1410/1812/1293 1418/1824/1304 1419/1816/1297
f 1424/1821/1302 1423/1820/1301 1431/1825/1305 1432/1826/1306
f 1425/1822/1303 1424/1821/1302 1432/1826/1306 1433/1827/1307
f 1647/1828/1278 1425/1822/1303 1433/1827/1307
f 1419/1816/1297 1418/1824/1304 1426/1829/1308 1427/1830/1309
f 1420/1817/1298 1419/1816/1297 1427/1830/1309 1428/1831/1310
f 1421/1818/1299 1420/1817/1298 1428/1831/1310 1429/1832/1311
f 1422/1819/1300 1421/1818/1299 1429/1832/1311 1430/1833/1312
f 1423/1820/1301 1422/1819/1300 1430/1833/1312 1431/1825/1305
f 1428/1831/1310 1427/1830/1309 1435/1834/1313 1436/1835/1314
f 1429/1832/1311 1428/1831/1310 1436/1835/1314 1437/1836/1315
f 1430/1833/1312 1429/1832/1311 1437/1836/1315 1438/1837/1316
f 1431/1825/1305 1430/1833/1312 1438/1837/1316 1439/1838/1317
f 1432/1826/1306 1431/1825/1305 1439/1838/1317 1440/1839/1318
f 1433/1827/1307 1432/1826/1306 1440/1839/1318 1441/1840/1319
f 1647/1841/1278 1433/1827/1307 1441/1840/1319
f 1427/1830/1309 1426/1829/1308 1434/1842/1320 1435/1834/1313
f 1440/1839/1318 1439/1838/1317 1447/1843/1321 1448/1844/1322
f 1441/1840/1319 1440/1839/1318 1448/1844/1322 1449/1845/1323
f 1647/1846/1278 1441/1840/1319 1449/1845/1323
f 1435/1834/1313 1434/1842/1320 1442/1847/1324 1443/1848/1325
f 1436/1835/1314 1435/1834/1313 1443/1848/1325 1444/1849/1326
f 1437/1836/1315 1436/1835/1314 1444/1849/1326 1445/1850/1327
f 1438/1837/1316 1437/1836/1315 1445/1850/1327 1446/1851/1328
f 1439/1838/1317 1438/1837/1316 1446/1851/1328 1447/1843/1321
f 1445/1850/1327 1444/1849/1326 1452/1852/1329 1453/1853/1330
f 1446/1851/1328 1445/1850/1327 1453/1853/1330 1454/1854/1331
f 1447/1843/1321 1446/1851/1328 1454/1854/1331 1455/1855/1332
f 1448/1844/1322 1447/1843/1321 1455/1855/1332 1456/1856/1333
f 1449/1845/1323 1448/1844/1322 1456/1856/1333 1457/1857/1334
f 1647/1858/1278 1449/1845/1323 1457/1857/1334
f 1443/1848/1325 1442/1847/1324 1450/1859/1335 1451/1860/1336
f 1444/1849/1326 1443/1848/1325 1451/1860/1336 1452/1852/1329
f 1457/1857/1334 1456/1856/1333 1464/1861/1337 1465/1862/1338
f 1647/1863/1278 1457/1857/1334 1465/1862/1338
f 1451/1860/1336 1450/1859/1335 1458/1864/1339 1459/1865/1340
f 1452/1852/1329 1451/1860/1336 1459/1865/1340 1460/1866/1341
f 1453/1853/1330 1452/1852/1329 1460/1866/1341 1461/1867/1342
f 1454/1854/1331 1453/1853/1330 1461/1867/1342 1462/1868/1343
f 1455/1855/1332 1454/1854/1331 1462/1868/1343 1463/1869/1344
f 1456/1856/1333 1455/1855/1332 1463/1869/1344 1464/1861/1337
f 1461/1867/1342 1460/1866/1341 1468/1870/1345 1469/1871/1346
f 1462/1868/1343 1461/1867/1342 1469/1871/1346 1470/1872/1347
f 1463/1869/1344 1462/1868/1343 1470/1872/1347 1471/1873/1348
f 1464/1861/1337 1463/1869/1344 1471/1873/1348 1472/1874/1349
f 1465/1862/1338 1464/1861/1337 1472/1874/1349 1473/1875/1350
f 1647/1876/1278 1465/1862/1338 1473/1875/1350
f 1459/1865/1340 1458/1864/1339 1466/1877/1351 1467/1878/1352
f 1460/1866/1341 1459/1865/1340 1467/1878/1352 1468/1870/1345
f 1473/1875/1350 1472/1874/1349 1480/1879/1353 1481/1880/1354
f 1647/1881/1278 1473/1875/1350 1481/1880/1354
f 1467/1878/1352 1466/1877/1351 1474/1882/1355 1475/1883/1356
f 1468/1870/1345 1467/1878/1352 1475/1883/1356 1476/1884/1357
f 1469/1871/1346 1468/1870/1345 1476/1884/1357 1477/1885/1358
f 1470/1872/1347 1469/1871/1346 1477/1885/1358 1478/1886/1359
f 1471/1873/1348 1470/1872/1347 1478/1886/1359 1479/1887/1360
f 1472/1874/1349 1471/1873/1348 1479/1887/1360 1480/1879/1353
f 1478/1886/1359 1477/1885/1358 1485/1888/1361 1486/1889/1362
f 1479/1887/1360 1478/1886/1359 1486/1889/1362 1487/1890/1363
f 1480/1879/1353 1479/1887/1360 1487/1890/1363 1488/1891/1364
f 1481/1880/1354 1480/1879/1353 1488/1891/1364 1489/1892/1365
f 1647/1893/1278 1481/1880/1354 1489/1892/1365
f 1475/1883/1356 1474/1882/1355 1482/1894/1366 1483/1895/1367
f 1476/1884/1357 1475/1883/1356 1483/1895/1367 1484/1896/1368
f 1477/1885/1358 1476/1884/1357 1484/1896/1368 1485/1888/1361
f 1647/1897/1278 1489/1892/1365 1497/1898/1369
f 1483/1895/1367 1482/1894/1366 1490/1899/1370 1491/1900/1371
f 1484/1896/1368 1483/1895/1367 1491/1900/1371 1492/1901/1372
f 1485/1888/1361 1484/1896/1368 1492/1901/1372 1493/1902/1373
f 1486/1889/1362 1485/1888/1361 1493/1902/1373 1494/1903/1374
f 1487/1890/1363 1486/1889/1362 1494/1903/1374 1495/1904/1375
f 1488/1891/1364 1487/1890/1363 1495/1904/1375 1496/1905/1376
f 1489/1892/1365 1488/1891/1364 1496/1905/1376 1497/1898/1369
f 1495/1904/1375 1494/1903/1374 1502/1906/1377 1503/1907/1378
f 1496/1905/1376 1495/1904/1375 1503/1907/1378 1504/1908/1379
f 1497/1898/1369 1496/1905/1376 1504/1908/1379 1505/1909/1380
f 1647/1910/1278 1497/1898/1369 1505/1909/1380
f 1491/1900/1371 1490/1899/1370 1498/1911/1381 1499/1912/1382
f 1492/1901/1372 1491/1900/1371 1499/1912/1382 1500/1913/1383
f 1493/1902/1373 1492/1901/1372 1500/1913/1383 1501/1914/1384
f 1494/1903/1374 1493/1902/1373 1501/1914/1384 1502/1906/1377
f 1499/1912/1382 1498/1911/1381 1506/1915/1385 1507/1916/1386
f 1500/1913/1383 1499/1912/1382 1507/1916/1386 1508/1917/1387
f 1501/1914/1384 1500/1913/1383 1508/1917/1387 1509/1918/1388
f 1502/1906/1377 1501/1914/1384 1509/1918/1388 1510/1919/1389
f 1503/1907/1378 1502/1906/1377 1510/1919/1389 1511/1920/1390
f 1504/1908/1379 1503/1907/1378 1511/1920/1390 1512/1921/1391
f 1505/1909/1380 1504/1908/1379 1512/1921/1391 1513/1922/1392
f 1647/1923/1278 1505/1909/1380 1513/1922/1392
f 1511/1920/1390 1510/1919/1389 1518/1924/1393 1519/1925/1394
f 1512/1921/1391 1511/1920/1390 1519/1925/1394 1520/1926/1395
f 1513/1922/1392 1512/1921/1391 1520/1926/1395 1521/1927/1396
f 1647/1928/1278 1513/1922/1392 1521/1927/1396
f 1507/1916/1386 1506/1915/1385 1514/1929/1397 1515/1930/1398
f 1508/1917/1387 1507/1916/1386 1515/1930/1398 1516/1931/1399
f 1509/1918/1388 1508/1917/1387 1516/1931/1399 1517/1932/1400
f 1510/1919/1389 1509/1918/1388 1517/1932/1400 1518/1924/1393
f 1516/1931/1399 1515/1930/1398 1523/1933/1401 1524/1934/1402
f 1517/1932/1400 1516/1931/1399 1524/1934/1402 1525/1935/1403
f 1518/1924/1393 1517/1932/1400 1525/1935/1403 1526/1936/1404
f 1519/1925/1394 1518/1924/1393 1526/1936/1404 1527/1937/1405
f 1520/1926/1395 1519/1925/1394 1527/1937/1405 1528/1938/1406
f 1521/1927/1396 1520/1926/1395 1528/1938/1406 1529/1939/1407
f 1647/1940/1278 1521/1927/1396 1529/1939/1407
f 1515/1930/1398 1514/1929/1397 1522/1941/1408 1523/1933/1401
f 1528/1938/1406 1527/1937/1405 1535/1942/1409 1536/1943/1410
f 1529/1939/1407 1528/1938/1406 1536/1943/1410 1537/1944/1411
f 1647/1945/1278 1529/1939/1407 1537/1944/1411
f 1523/1933/1401 1522/1941/1408 1530/1946/1412 1531/1947/1413
f 1524/1934/1402 1523/1933/1401 1531/1947/1413 1532/1948/1414
f 1525/1935/1403 1524/1934/1402 1532/1948/1414 1533/1949/1415
f 1526/1936/1404 1525/1935/1403 1533/1949/1415 1534/1950/1416
f 1527/1937/1405 1526/1936/1404 1534/1950/1416 1535/1942/1409
f 1532/1948/1414 1531/1947/1413 1539/1951/1417 1540/1952/1418
f 1533/1949/1415 1532/1948/1414 1540/1952/1418 1541/1953/1419
f 1534/1950/1416 1533/1949/1415 1541/1953/1419 1542/1954/1420
f 1535/1942/1409 1534/1950/1416 1542/1954/1420 1543/1955/1421
f 1536/1943/1410 1535/1942/1409 1543/1955/1421 1544/1956/1422
f 1537/1944/1411 1536/1943/1410 1544/1956/1422 1545/1957/1423
f 1647/1958/1278 1537/1944/1411 1545/1957/1423
f 1531/1947/1413 1530/1946/1412 1538/1959/1424 1539/1951/1417
f 1544/1956/1422 1543/1955/1421 1551/1960/1425 1552/1961/1426
f 1545/1957/1423 1544/1956/1422 1552/1961/1426 1553/1962/1427
f 1647/1963/1278 1545/1957/1423 1553/1962/1427
f 1539/1951/1417 1538/1959/1424 1546/1964/1428 1547/1965/1429
f 1540/1952/1418 1539/1951/1417 1547/1965/1429 1548/1966/1430
f 1541/1953/1419 1540/1952/1418 1548/1966/1430 1549/1967/1431
f 1542/1954/1420 1541/1953/1419 1549/1967/1431 1550/1968/1432
f 1543/1955/1421 1542/1954/1420 1550/1968/1432 1551/1960/1425
f 1549/1967/1431 1548/1966/1430 1556/1969/1433 1557/1970/1434
f 1550/1968/1432 1549/1967/1431 1557/1970/1434 1558/1971/1435
f 1551/1960/1425 1550/1968/1432 1558/1971/1435 1559/1972/1436
f 1552/1961/1426 1551/1960/1425 1559/1972/1436 1560/1973/1437
f 1553/1962/1427 1552/1961/1426 1560/1973/1437 1561/1974/1438
f 1647/1975/1278 1553/1962/1427 1561/1974/1438
f 1547/1965/1429 1546/1964/1428 1554/1976/1439 1555/1977/1440
f 1548/1966/1430 1547/1965/1429 1555/1977/1440 1556/1969/1433
f 1561/1974/1438 1560/1973/1437 1568/1978/1441 1569/1979/1442
f 1647/1980/1278 1561/1974/1438 1569/1979/1442
f 1555/1977/1440 1554/1976/1439 1562/1981/1443 1563/1982/1444
f 1556/1969/1433 1555/1977/1440 1563/1982/1444 1564/1983/1445
f 1557/1970/1434 1556/1969/1433 1564/1983/1445 1565/1984/1446
f 1558/1971/1435 1557/1970/1434 1565/1984/1446 1566/1985/1447
f 1559/1972/1436 1558/1971/1435 1566/1985/1447 1567/1986/1448
f 1560/1973/1437 1559/1972/1436 1567/1986/1448 1568/1978/1441
f 1566/1985/1447 1565/1984/1446 1573/1987/1449 1574/1988/1450
f 1567/1986/1448 1566/1985/1447 1574/1988/1450 1575/1989/1451
f 1568/1978/1441 1567/1986/1448 1575/1989/1451 1576/1990/1452
f 1569/1979/1442 1568/1978/1441 1576/1990/1452 1577/1991/1453
f 1647/1992/1278 1569/1979/1442 1577/1991/1453
f 1563/1982/1444 1562/1981/1443 1570/1993/1454 1571/1994/1455
f 1564/1983/1445 1563/1982/1444 1571/1994/1455 1572/1995/1456
f 1565/1984/1446 1564/1983/1445 1572/1995/1456 1573/1987/1449
f 1647/1996/1278 1577/1991/1453 1585/1997/1457
f 1571/1994/1455 1570/1993/1454 1578/1998/1458 1579/1999/1459
f 1572/1995/1456 1571/1994/1455 1579/1999/1459 1580/2000/1460
f 1573/1987/1449 1572/1995/1456 1580/2000/1460 1581/2001/1461
f 1574/1988/1450 1573/1987/1449 1581/2001/1461 1582/2002/1462
f 1575/1989/1451 1574/1988/1450 1582/2002/1462 1583/2003/1463
f 1576/1990/1452 1575/1989/1451 1583/2003/1463 1584/2004/1464
f 1577/1991/1453 1576/1990/1452 1584/2004/1464 1585/1997/1457
f 1582/2005/1462 1581/2006/1461 1589/2007/1465 1590/2008/1466
f 1583/2009/1463 1582/2005/1462 1590/2008/1466 1591/2010/1467
f 1584/2011/1464 1583/2009/1463 1591/2010/1467 1592/2012/1468
f 1585/2013/1457 1584/2011/1464 1592/2012/1468 1593/2014/1469
f 1647/2015/1278 1585/2013/1457 1593/2014/1469
f 1579/2016/1459 1578/2017/1458 1586/2018/1470 1587/2019/1471
f 1580/2020/1460 1579/2016/1459 1587/2019/1471 1588/2021/1472
f 1581/2006/1461 1580/2020/1460 1588/2021/1472 1589/2007/1465
f 1647/2022/1278 1593/2014/1469 1601/2023/1473
f 1587/2019/1471 1586/2018/1470 1594/2024/1474 1595/2025/1475
f 1588/2021/1472 1587/2019/1471 1595/2025/1475 1596/2026/1476
f 1589/2007/1465 1588/2021/1472 1596/2026/1476 1597/2027/1477
f 1590/2008/1466 1589/2007/1465 1597/2027/1477 1598/2028/1478
f 1591/2010/1467 1590/2008/1466 1598/2028/1478 1599/2029/1479
f 1592/2012/1468 1591/2010/1467 1599/2029/1479 1600/2030/1480
f 1593/2014/1469 1592/2012/1468 1600/2030/1480 1601/2023/1473
f 1599/2029/1479 1598/2028/1478 1606/2031/1481 1607/2032/1482
f 1600/2030/1480 1599/2029/1479 1607/2032/1482 1608/2033/1483
f 1601/2023/1473 1600/2030/1480 1608/2033/1483 1609/2034/1484
f 1647/2035/1278 1601/2023/1473 1609/2034/1484
f 1595/2025/1475 1594/2024/1474 1602/2036/1485 1603/2037/1486
f 1596/2026/1476 1595/2025/1475 1603/2037/1486 1604/2038/1487
f 1597/2027/1477 1596/2026/1476 1604/2038/1487 1605/2039/1488
f 1598/2028/1478 1597/2027/1477 1605/2039/1488 1606/2031/1481
f 1603/2037/1486 1602/2036/1485 1610/2040/1489 1611/2041/1490
f 1604/2038/1487 1603/2037/1486 1611/2041/1490 1612/2042/1491
f 1605/2039/1488 1604/2038/1487 1612/2042/1491 1613/2043/1492
f 1606/2031/1481 1605/2039/1488 1613/2043/1492 1614/2044/1493
f 1607/2032/1482 1606/2031/1481 1614/2044/1493 1615/2045/1494
f 1608/2033/1483 1607/2032/1482 1615/2045/1494 1616/2046/1495
f 1609/2034/1484 1608/2033/1483 1616/2046/1495 1617/2047/1496
f 1647/2048/1278 1609/2034/1484 1617/2047/1496
f 1615/2045/1494 1614/2044/1493 1622/2049/1497 1623/2050/1498
f 1616/2046/1495 1615/2045/1494 1623/2050/1498 1624/2051/1499
f 1617/2047/1496 1616/2046/1495 1624/2051/1499 1625/2052/1500
f 1647/2053/1278 1617/2047/1496 1625/2052/1500
f 1611/2041/1490 1610/2040/1489 1618/2054/1501 1619/2055/1502
f 1612/2042/1491 1611/2041/1490 1619/2055/1502 1620/2056/1503
f 1613/2043/1492 1612/2042/1491 1620/2056/1503 1621/2057/1504
f 1614/2044/1493 1613/2043/1492 1621/2057/1504 1622/2049/1497
f 1620/2056/1503 1619/2055/1502 1627/2058/1505 1628/2059/1506
f 1621/2057/1504 1620/2056/1503 1628/2059/1506 1629/2060/1507
f 1622/2049/1497 1621/2057/1504 1629/2060/1507 1630/2061/1508
f 1623/2050/1498 1622/2049/1497 1630/2061/1508 1631/2062/1509
f 1624/2051/1499 1623/2050/1498 1631/2062/1509 1632/2063/1510
f 1625/2052/1500 1624/2051/1499 1632/2063/1510 1633/2064/1511
f 1647/2065/1278 1625/2052/1500 1633/2064/1511
f 1619/2055/1502 1618/2054/1501 1626/2066/1512 1627/2058/1505
f 1632/2063/1510 1631/2062/1509 1639/2067/1513 1640/2068/1514
f 1633/2064/1511 1632/2063/1510 1640/2068/1514 1641/2069/1515
f 1647/2070/1278 1633/2064/1511 1641/2069/1515
f 1627/2058/1505 1626/2066/1512 1634/2071/1516 1635/2072/1517
f 1628/2059/1506 1627/2058/1505 1635/2072/1517 1636/2073/1518
f 1629/2060/1507 1628/2059/1506 1636/2073/1518 1637/2074/1519
f 1630/2061/1508 1629/2060/1507 1637/2074/1519 1638/2075/1520
f 1631/2062/1509 1630/2061/1508 1638/2075/1520 1639/2067/1513
f 1637/2074/1519 1636/2073/1518 1644/1781/1264 1391/1785/1268
f 1638/2075/1520 1637/2074/1519 1391/1785/1268 1392/1787/1270
f 1639/2067/1513 1638/2075/1520 1392/1787/1270 1393/1789/1272
f 1640/2068/1514 1639/2067/1513 1393/1789/1272 1645/1791/1274
f 1641/2069/1515 1640/2068/1514 1645/1791/1274 1646/1793/1276
f 1647/2076/1278 1641/2069/1515 1646/1793/1276
f 1635/2072/1517 1634/2071/1516 1642/1796/1279 1643/1782/1265
f 1636/2073/1518 1635/2072/1517 1643/1782/1265 1644/1781/1264
